cidade,ano,mes,dia,data,tipo,subcategoria,quantidade,data_importacao
Mineiros,2024,1,1,2024-01-01,Ar,Fuligem/Poeira industrial,9,2024-11-30
Goiânia,2024,1,1,2024-01-01,Solo,Aterro sanitário / Lixão,8,2024-11-30
Goianésia,2024,1,2,2024-01-02,Emergências ambientais,Mortalidade de animais em grande quantidade,8,2024-11-30
Goiânia,2024,1,3,2024-01-03,Emergências ambientais,Mortalidade de animais em grande quantidade,5,2024-11-30
Goiânia,2024,1,4,2024-01-04,Solo,Aterro sanitário / Lixão,3,2024-11-30
Goianésia,2024,1,4,2024-01-04,Ruído,Ruído industrial,7,2024-11-30
Caldas Novas,2024,1,4,2024-01-04,Atropelamento de animais silvestres,Anfíbio,1,2024-11-30
Anápolis,2024,1,5,2024-01-05,Emergências ambientais,Mortalidade de animais em grande quantidade,10,2024-11-30
Goiânia,2024,1,5,2024-01-05,Atropelamento de animais silvestres,Réptil,3,2024-11-30
Novo Gama,2024,1,5,2024-01-05,Fogo,Limpeza de pasto com fogo,4,2024-11-30
Itumbiara,2024,1,6,2024-01-06,Água,Outros,5,2024-11-30
Senador Canedo,2024,1,6,2024-01-06,Poluição ou degradação ambiental,Implantação e/ou operação de atividade potencialmente poluidora,6,2024-11-30
Goiânia,2024,1,6,2024-01-06,Barragens,Outros,2,2024-11-30
Goiânia,2024,1,7,2024-01-07,Solo,Descarte de resíduos sólidos,2,2024-11-30
Anápolis,2024,1,7,2024-01-07,Água,Uso de água sem outorga,4,2024-11-30
Goiânia,2024,1,7,2024-01-07,Barragens,Construções irregulares,2,2024-11-30
Goiânia,2024,1,7,2024-01-07,Barragens,Risco iminente de rompimento,9,2024-11-30
Goiânia,2024,1,8,2024-01-08,Solo,Descarte de entulho,7,2024-11-30
Catalão,2024,1,8,2024-01-08,Ar,Fumaça,7,2024-11-30
Luziânia,2024,1,8,2024-01-08,Ruído,Outros,10,2024-11-30
Jataí,2024,1,8,2024-01-08,Vegetação,Carvoaria,4,2024-11-30
Inhumas,2024,1,9,2024-01-09,Poluição ou degradação ambiental,Implantação de loteamento/parcelamento irregular do solo,7,2024-11-30
Goiânia,2024,1,9,2024-01-09,Fogo,Fogo em vegetação nativa,10,2024-11-30
Goiânia,2024,1,9,2024-01-09,Atropelamento de animais silvestres,Mamíferos,3,2024-11-30
Jataí,2024,1,9,2024-01-09,Ruído,Outros,9,2024-11-30
Luziânia,2024,1,9,2024-01-09,Atropelamento de animais silvestres,Réptil,5,2024-11-30
Goiânia,2024,1,10,2024-01-10,Fogo,Limpeza de pasto com fogo,8,2024-11-30
Goiânia,2024,1,11,2024-01-11,Barragens,Trincas/Rachaduras/Escorregamento etc (anomalias) referente à segurança de barragens,2,2024-11-30
Goiânia,2024,1,11,2024-01-11,Ar,Fuligem/Poeira industrial,3,2024-11-30
Rio Verde,2024,1,11,2024-01-11,Fauna,Animais silvestres em cativeiro,5,2024-11-30
Luziânia,2024,1,11,2024-01-11,Fauna,Animais silvestres em cativeiro,9,2024-11-30
Caldas Novas,2024,1,12,2024-01-12,Atropelamento de animais silvestres,Ave,8,2024-11-30
Inhumas,2024,1,13,2024-01-13,Água,Descarte de esgoto sem tratamento,2,2024-11-30
Caldas Novas,2024,1,13,2024-01-13,Poluição ou degradação ambiental,Danificar área de proteção ambiental (Unidade de Conservação Ambiental),5,2024-11-30
Planaltina,2024,1,14,2024-01-14,Solo,Aterro sanitário / Lixão,5,2024-11-30
Goiânia,2024,1,14,2024-01-14,Fogo,Limpeza de pasto com fogo,7,2024-11-30
Mineiros,2024,1,14,2024-01-14,Água,Uso de água sem outorga,5,2024-11-30
Jataí,2024,1,16,2024-01-16,Atropelamento de animais silvestres,Ave,3,2024-11-30
Goiânia,2024,1,16,2024-01-16,Vegetação,Transporte/Comércio irregular de produtos florestais,9,2024-11-30
Goiânia,2024,1,16,2024-01-16,Solo,Descarte de resíduos sólidos,6,2024-11-30
Goiânia,2024,1,17,2024-01-17,Atropelamento de animais silvestres,Mamíferos,7,2024-11-30
Goiânia,2024,1,17,2024-01-17,Ar,Outros,10,2024-11-30
Goiânia,2024,1,18,2024-01-18,Água,Descarte de esgoto sem tratamento,3,2024-11-30
Goiânia,2024,1,18,2024-01-18,Vegetação,Carvoaria,1,2024-11-30
Quirinópolis,2024,1,18,2024-01-18,Poluição ou degradação ambiental,Implantação e/ou operação de atividade potencialmente poluidora,9,2024-11-30
Cristalina,2024,1,18,2024-01-18,Ruído,Ruído de mineração,2,2024-11-30
Trindade,2024,1,18,2024-01-18,Emergências ambientais,Outros,7,2024-11-30
Goiânia,2024,1,18,2024-01-18,Ruído,Ruído de mineração,9,2024-11-30
Rio Verde,2024,1,19,2024-01-19,Poluição ou degradação ambiental,"Extração mineral (areia, brita, pedra e outros)",2,2024-11-30
Catalão,2024,1,19,2024-01-19,Atropelamento de animais silvestres,Não identificado,10,2024-11-30
Luziânia,2024,1,20,2024-01-20,Fauna,Caça,7,2024-11-30
Goiânia,2024,1,20,2024-01-20,Poluição ou degradação ambiental,Danificar área de proteção ambiental (Unidade de Conservação Ambiental),10,2024-11-30
Mineiros,2024,1,20,2024-01-20,Emergências ambientais,Acidentes com produtos químicos,5,2024-11-30
Goiânia,2024,1,20,2024-01-20,Fauna,Animais silvestres em cativeiro,5,2024-11-30
Goiânia,2024,1,20,2024-01-20,Poluição ou degradação ambiental,Outros,6,2024-11-30
Quirinópolis,2024,1,21,2024-01-21,Poluição ou degradação ambiental,"Extração mineral (areia, brita, pedra e outros)",8,2024-11-30
Goiânia,2024,1,23,2024-01-23,Poluição ou degradação ambiental,Outros,1,2024-11-30
Trindade,2024,1,23,2024-01-23,Emergências ambientais,Acidentes no transporte de produtos perigosos,8,2024-11-30
Formosa,2024,1,23,2024-01-23,Atropelamento de animais silvestres,Mamíferos,5,2024-11-30
Goiânia,2024,1,23,2024-01-23,Fogo,Queima de restos de culturas,8,2024-11-30
Inhumas,2024,1,24,2024-01-24,Atropelamento de animais silvestres,Ave,4,2024-11-30
Águas Lindas de Goiás,2024,1,24,2024-01-24,Emergências ambientais,Outros,10,2024-11-30
Goiânia,2024,1,24,2024-01-24,Água,Outros,10,2024-11-30
Goiânia,2024,1,25,2024-01-25,Solo,Outros,6,2024-11-30
Goiânia,2024,1,25,2024-01-25,Fauna,Maus tratos a animais domésticos,8,2024-11-30
Rio Verde,2024,1,25,2024-01-25,Ruído,Ruído industrial,4,2024-11-30
Senador Canedo,2024,1,26,2024-01-26,Ruído,Ruído industrial,3,2024-11-30
Goiânia,2024,1,26,2024-01-26,Barragens,Trincas/Rachaduras/Escorregamento etc (anomalias) referente à segurança de barragens,9,2024-11-30
Trindade,2024,1,26,2024-01-26,Fogo,Queima de restos de culturas,7,2024-11-30
Quirinópolis,2024,1,27,2024-01-27,Fauna,Animais silvestres em cativeiro,3,2024-11-30
Mineiros,2024,1,27,2024-01-27,Fogo,Outros,4,2024-11-30
Planaltina,2024,1,27,2024-01-27,Atropelamento de animais silvestres,Ave,8,2024-11-30
Goiânia,2024,1,28,2024-01-28,Ruído,Ruído industrial,5,2024-11-30
Goiânia,2024,1,29,2024-01-29,Poluição ou degradação ambiental,Danificar área de proteção ambiental (Unidade de Conservação Ambiental),7,2024-11-30
Goiânia,2024,1,29,2024-01-29,Ar,Outros,1,2024-11-30
Goianésia,2024,1,30,2024-01-30,Fauna,Pesca em período (piracema ou outro dispositivo legal) / local proibido (unidade de conservação),1,2024-11-30
Senador Canedo,2024,1,30,2024-01-30,Atropelamento de animais silvestres,Não identificado,5,2024-11-30
Jataí,2024,1,30,2024-01-30,Ar,Fumaça,4,2024-11-30
Trindade,2024,1,30,2024-01-30,Barragens,Trincas/Rachaduras/Escorregamento etc (anomalias) referente à segurança de barragens,2,2024-11-30
Formosa,2024,1,31,2024-01-31,Ruído,Ruído de mineração,3,2024-11-30
Catalão,2024,1,31,2024-01-31,Ar,Fuligem/Poeira industrial,6,2024-11-30
Goiânia,2024,1,31,2024-01-31,Água,Uso de água sem outorga,2,2024-11-30
Novo Gama,2024,2,1,2024-02-01,Fauna,Comércio de animais silvestres,8,2024-11-30
Goiânia,2024,2,2,2024-02-02,Atropelamento de animais silvestres,Mamíferos,6,2024-11-30
Planaltina,2024,2,2,2024-02-02,Água,Descarte de esgoto sem tratamento,2,2024-11-30
Goiânia,2024,2,2,2024-02-02,Vegetação,Outros,10,2024-11-30
Goiânia,2024,2,2,2024-02-02,Poluição ou degradação ambiental,Implantação de loteamento/parcelamento irregular do solo,7,2024-11-30
Goiânia,2024,2,2,2024-02-02,Fogo,Outros,2,2024-11-30
Rio Verde,2024,2,3,2024-02-03,Ar,Fuligem/Poeira industrial,10,2024-11-30
Aparecida de Goiânia,2024,2,3,2024-02-03,Ruído,Ruído de mineração,4,2024-11-30
Águas Lindas de Goiás,2024,2,3,2024-02-03,Fauna,Outros,5,2024-11-30
Senador Canedo,2024,2,3,2024-02-03,Vegetação,Outros,9,2024-11-30
Quirinópolis,2024,2,4,2024-02-04,Ruído,Outros,2,2024-11-30
Goiânia,2024,2,4,2024-02-04,Poluição ou degradação ambiental,Danificar área de proteção ambiental (Unidade de Conservação Ambiental),8,2024-11-30
Goiânia,2024,2,4,2024-02-04,Ar,Odor,9,2024-11-30
Goiânia,2024,2,4,2024-02-04,Fogo,Limpeza de pasto com fogo,10,2024-11-30
Goiânia,2024,2,4,2024-02-04,Solo,Outros,9,2024-11-30
Águas Lindas de Goiás,2024,2,4,2024-02-04,Emergências ambientais,Acidentes com produtos químicos,3,2024-11-30
Goiânia,2024,2,5,2024-02-05,Vegetação,Transporte/Comércio irregular de produtos florestais,5,2024-11-30
Goiânia,2024,2,7,2024-02-07,Vegetação,Outros,4,2024-11-30
Planaltina,2024,2,7,2024-02-07,Poluição ou degradação ambiental,Implantação de loteamento/parcelamento irregular do solo,9,2024-11-30
Goiânia,2024,2,7,2024-02-07,Ar,Odor,1,2024-11-30
Formosa,2024,2,8,2024-02-08,Fogo,Fogo em vegetação nativa,2,2024-11-30
Novo Gama,2024,2,8,2024-02-08,Ar,Fumaça,7,2024-11-30
Planaltina,2024,2,8,2024-02-08,Fogo,Limpeza de pasto com fogo,1,2024-11-30
Inhumas,2024,2,8,2024-02-08,Vegetação,Carvoaria,3,2024-11-30
Luziânia,2024,2,9,2024-02-09,Água,Uso de água sem outorga,2,2024-11-30
Goiânia,2024,2,9,2024-02-09,Fauna,Pesca em período (piracema ou outro dispositivo legal) / local proibido (unidade de conservação),1,2024-11-30
Senador Canedo,2024,2,10,2024-02-10,Ruído,Ruído industrial,6,2024-11-30
Luziânia,2024,2,10,2024-02-10,Ruído,Ruído de mineração,4,2024-11-30
Cristalina,2024,2,11,2024-02-11,Água,Descarte de resíduos sólidos ou líquidos industriais,10,2024-11-30
Jataí,2024,2,12,2024-02-12,Fogo,Fogo em vegetação nativa,8,2024-11-30
Novo Gama,2024,2,12,2024-02-12,Fauna,Outros,6,2024-11-30
Luziânia,2024,2,12,2024-02-12,Fauna,Comércio de animais silvestres,6,2024-11-30
Cristalina,2024,2,12,2024-02-12,Emergências ambientais,Acidentes com produtos químicos,7,2024-11-30
Catalão,2024,2,12,2024-02-12,Poluição ou degradação ambiental,"Extração mineral (areia, brita, pedra e outros)",9,2024-11-30
Águas Lindas de Goiás,2024,2,13,2024-02-13,Ruído,Ruído de mineração,10,2024-11-30
Goiânia,2024,2,13,2024-02-13,Vegetação,Desmatamento/Supressão de Vegetação Nativa,10,2024-11-30
Jataí,2024,2,14,2024-02-14,Ar,Odor,9,2024-11-30
Goianésia,2024,2,14,2024-02-14,Poluição ou degradação ambiental,Danificar área de proteção ambiental (Unidade de Conservação Ambiental),8,2024-11-30
Goiânia,2024,2,14,2024-02-14,Ar,Fumaça,9,2024-11-30
Planaltina,2024,2,15,2024-02-15,Atropelamento de animais silvestres,Anfíbio,3,2024-11-30
Rio Verde,2024,2,16,2024-02-16,Água,Descarte de resíduos sólidos ou líquidos industriais,8,2024-11-30
Goiânia,2024,2,17,2024-02-17,Emergências ambientais,Mortalidade de animais em grande quantidade,2,2024-11-30
Catalão,2024,2,17,2024-02-17,Fauna,Maus tratos a animais domésticos,4,2024-11-30
Rio Verde,2024,2,17,2024-02-17,Ar,Outros,9,2024-11-30
Novo Gama,2024,2,18,2024-02-18,Solo,Descarte de resíduos sólidos,3,2024-11-30
Anápolis,2024,2,18,2024-02-18,Solo,Descarte de resíduos sólidos,7,2024-11-30
Aparecida de Goiânia,2024,2,18,2024-02-18,Fogo,Limpeza de pasto com fogo,8,2024-11-30
Quirinópolis,2024,2,18,2024-02-18,Fogo,Queima de restos de culturas,5,2024-11-30
Caldas Novas,2024,2,19,2024-02-19,Barragens,Rompimentos já ocorridos,10,2024-11-30
Goiânia,2024,2,20,2024-02-20,Solo,Outros,6,2024-11-30
Goiânia,2024,2,20,2024-02-20,Fogo,Fogo em vegetação nativa,8,2024-11-30
Mineiros,2024,2,20,2024-02-20,Fogo,Limpeza de pasto com fogo,1,2024-11-30
Rio Verde,2024,2,21,2024-02-21,Fauna,Animais silvestres em cativeiro,9,2024-11-30
Goiânia,2024,2,21,2024-02-21,Fogo,Limpeza de pasto com fogo,2,2024-11-30
Catalão,2024,2,21,2024-02-21,Ruído,Ruído de mineração,10,2024-11-30
Goianésia,2024,2,21,2024-02-21,Fauna,Caça,9,2024-11-30
Rio Verde,2024,2,21,2024-02-21,Poluição ou degradação ambiental,Implantação e/ou operação de atividade potencialmente poluidora,5,2024-11-30
Goiânia,2024,2,21,2024-02-21,Atropelamento de animais silvestres,Réptil,2,2024-11-30
Goiânia,2024,2,22,2024-02-22,Vegetação,Transporte/Comércio irregular de produtos florestais,9,2024-11-30
Cristalina,2024,2,22,2024-02-22,Vegetação,Outros,6,2024-11-30
Goiânia,2024,2,22,2024-02-22,Fauna,Comércio de animais silvestres,3,2024-11-30
Aparecida de Goiânia,2024,2,22,2024-02-22,Solo,Descarte de resíduos sólidos,4,2024-11-30
Formosa,2024,2,23,2024-02-23,Solo,Escavação / Terraplanagem,9,2024-11-30
Goianésia,2024,2,23,2024-02-23,Fauna,Animais silvestres em cativeiro,2,2024-11-30
Goiânia,2024,2,23,2024-02-23,Ar,Fumaça,4,2024-11-30
Catalão,2024,2,23,2024-02-23,Fogo,Fogo em vegetação nativa,8,2024-11-30
Catalão,2024,2,23,2024-02-23,Ar,Fumaça,10,2024-11-30
Planaltina,2024,2,23,2024-02-23,Solo,Descarte de resíduos sólidos,4,2024-11-30
Goiânia,2024,2,24,2024-02-24,Água,Outros,1,2024-11-30
Goiânia,2024,2,24,2024-02-24,Atropelamento de animais silvestres,Não identificado,5,2024-11-30
Goiânia,2024,2,24,2024-02-24,Solo,Aterro sanitário / Lixão,3,2024-11-30
Goiânia,2024,2,24,2024-02-24,Poluição ou degradação ambiental,Outros,8,2024-11-30
Inhumas,2024,2,25,2024-02-25,Ruído,Ruído de mineração,8,2024-11-30
Goiânia,2024,2,25,2024-02-25,Solo,Aterro sanitário / Lixão,8,2024-11-30
Trindade,2024,2,25,2024-02-25,Atropelamento de animais silvestres,Anfíbio,9,2024-11-30
Cristalina,2024,2,26,2024-02-26,Atropelamento de animais silvestres,Mamíferos,1,2024-11-30
Inhumas,2024,2,26,2024-02-26,Fauna,Pesca em período (piracema ou outro dispositivo legal) / local proibido (unidade de conservação),2,2024-11-30
Trindade,2024,2,26,2024-02-26,Barragens,Rompimentos já ocorridos,10,2024-11-30
Goiânia,2024,2,26,2024-02-26,Barragens,Risco iminente de rompimento,4,2024-11-30
Goiânia,2024,2,27,2024-02-27,Ar,Odor,9,2024-11-30
Novo Gama,2024,2,28,2024-02-28,Ruído,Outros,1,2024-11-30
Goiânia,2024,2,28,2024-02-28,Emergências ambientais,Mortalidade de animais em grande quantidade,10,2024-11-30
Senador Canedo,2024,2,28,2024-02-28,Poluição ou degradação ambiental,Implantação de loteamento/parcelamento irregular do solo,5,2024-11-30
Cristalina,2024,2,28,2024-02-28,Ar,Fuligem/Poeira industrial,2,2024-11-30
Goiânia,2024,2,29,2024-02-29,Ar,Fumaça,7,2024-11-30
Goiânia,2024,2,29,2024-02-29,Ar,Fuligem/Poeira industrial,9,2024-11-30
Goiânia,2024,2,29,2024-02-29,Ar,Fuligem/Poeira industrial,5,2024-11-30
Goiânia,2024,3,1,2024-03-01,Água,Descarte de esgoto sem tratamento,8,2024-11-30
Anápolis,2024,3,1,2024-03-01,Água,Uso de água sem outorga,5,2024-11-30
Águas Lindas de Goiás,2024,3,1,2024-03-01,Água,Uso de água sem outorga,10,2024-11-30
Quirinópolis,2024,3,1,2024-03-01,Fauna,Animais silvestres em cativeiro,3,2024-11-30
Anápolis,2024,3,1,2024-03-01,Emergências ambientais,Outros,9,2024-11-30
Inhumas,2024,3,2,2024-03-02,Ruído,Outros,2,2024-11-30
Águas Lindas de Goiás,2024,3,4,2024-03-04,Solo,Aterro sanitário / Lixão,8,2024-11-30
Trindade,2024,3,5,2024-03-05,Solo,Outros,5,2024-11-30
Goianésia,2024,3,5,2024-03-05,Ruído,Ruído industrial,1,2024-11-30
Senador Canedo,2024,3,5,2024-03-05,Ar,Outros,8,2024-11-30
Inhumas,2024,3,6,2024-03-06,Fogo,Limpeza de pasto com fogo,5,2024-11-30
Goianésia,2024,3,7,2024-03-07,Vegetação,Exploração de árvores,2,2024-11-30
Senador Canedo,2024,3,7,2024-03-07,Vegetação,Carvoaria,10,2024-11-30
Goiânia,2024,3,9,2024-03-09,Solo,Descarte de resíduos sólidos,10,2024-11-30
Mineiros,2024,3,9,2024-03-09,Fauna,Outros,7,2024-11-30
Rio Verde,2024,3,9,2024-03-09,Poluição ou degradação ambiental,Implantação de loteamento/parcelamento irregular do solo,2,2024-11-30
Goiânia,2024,3,10,2024-03-10,Solo,Descarte de entulho,3,2024-11-30
Goiânia,2024,3,10,2024-03-10,Barragens,Rompimentos já ocorridos,1,2024-11-30
Anápolis,2024,3,10,2024-03-10,Água,Descarte de resíduos sólidos ou líquidos industriais,10,2024-11-30
Cristalina,2024,3,10,2024-03-10,Ruído,Ruído industrial,2,2024-11-30
Catalão,2024,3,11,2024-03-11,Vegetação,Exploração de árvores,3,2024-11-30
Goiânia,2024,3,12,2024-03-12,Fogo,Queima de restos de culturas,5,2024-11-30
Goiânia,2024,3,12,2024-03-12,Barragens,Rompimentos já ocorridos,10,2024-11-30
Jataí,2024,3,12,2024-03-12,Fogo,Outros,8,2024-11-30
Goiânia,2024,3,12,2024-03-12,Ar,Outros,5,2024-11-30
Goiânia,2024,3,13,2024-03-13,Ruído,Ruído industrial,1,2024-11-30
Senador Canedo,2024,3,13,2024-03-13,Emergências ambientais,Outros,8,2024-11-30
Mineiros,2024,3,13,2024-03-13,Poluição ou degradação ambiental,Outros,2,2024-11-30
Itumbiara,2024,3,13,2024-03-13,Fogo,Limpeza de pasto com fogo,6,2024-11-30
Goiânia,2024,3,15,2024-03-15,Barragens,Trincas/Rachaduras/Escorregamento etc (anomalias) referente à segurança de barragens,8,2024-11-30
Goiânia,2024,3,15,2024-03-15,Atropelamento de animais silvestres,Ave,5,2024-11-30
Aparecida de Goiânia,2024,3,15,2024-03-15,Solo,Descarte de entulho,1,2024-11-30
Goiânia,2024,3,15,2024-03-15,Atropelamento de animais silvestres,Anfíbio,3,2024-11-30
Quirinópolis,2024,3,16,2024-03-16,Emergências ambientais,Mortalidade de animais em grande quantidade,2,2024-11-30
Jataí,2024,3,16,2024-03-16,Barragens,Outros,9,2024-11-30
Aparecida de Goiânia,2024,3,16,2024-03-16,Água,Descarte de resíduos sólidos ou líquidos industriais,5,2024-11-30
Goiânia,2024,3,17,2024-03-17,Fauna,Caça,1,2024-11-30
Trindade,2024,3,17,2024-03-17,Fauna,Maus tratos a animais domésticos,4,2024-11-30
Caldas Novas,2024,3,18,2024-03-18,Ruído,Ruído industrial,7,2024-11-30
Goiânia,2024,3,19,2024-03-19,Emergências ambientais,Acidentes com produtos químicos,8,2024-11-30
Trindade,2024,3,19,2024-03-19,Fogo,Fogo em vegetação nativa,7,2024-11-30
Goiânia,2024,3,20,2024-03-20,Ruído,Ruído industrial,1,2024-11-30
Goiânia,2024,3,20,2024-03-20,Fogo,Outros,3,2024-11-30
Mineiros,2024,3,21,2024-03-21,Solo,Outros,7,2024-11-30
Caldas Novas,2024,3,21,2024-03-21,Solo,Descarte de resíduos sólidos,7,2024-11-30
Catalão,2024,3,21,2024-03-21,Solo,Outros,2,2024-11-30
Catalão,2024,3,22,2024-03-22,Emergências ambientais,Outros,8,2024-11-30
Aparecida de Goiânia,2024,3,23,2024-03-23,Fogo,Fogo em vegetação nativa,7,2024-11-30
Águas Lindas de Goiás,2024,3,23,2024-03-23,Emergências ambientais,Mortalidade de animais em grande quantidade,5,2024-11-30
Jataí,2024,3,24,2024-03-24,Barragens,Construções irregulares,1,2024-11-30
Goiânia,2024,3,24,2024-03-24,Ruído,Ruído de mineração,4,2024-11-30
Mineiros,2024,3,24,2024-03-24,Emergências ambientais,Mortalidade de animais em grande quantidade,3,2024-11-30
Catalão,2024,3,24,2024-03-24,Água,Descarte de resíduos sólidos ou líquidos industriais,6,2024-11-30
Goiânia,2024,3,24,2024-03-24,Ruído,Ruído industrial,9,2024-11-30
Senador Canedo,2024,3,24,2024-03-24,Água,Descarte de resíduos sólidos ou líquidos industriais,9,2024-11-30
Goiânia,2024,3,25,2024-03-25,Fauna,Caça,7,2024-11-30
Goianésia,2024,3,25,2024-03-25,Vegetação,Transporte/Comércio irregular de produtos florestais,6,2024-11-30
Goiânia,2024,3,26,2024-03-26,Barragens,Construções irregulares,6,2024-11-30
Goiânia,2024,3,26,2024-03-26,Água,Descarte de esgoto sem tratamento,2,2024-11-30
Goianésia,2024,3,26,2024-03-26,Barragens,Outros,10,2024-11-30
Jataí,2024,3,26,2024-03-26,Água,Outros,10,2024-11-30
Quirinópolis,2024,3,27,2024-03-27,Água,Descarte de esgoto sem tratamento,3,2024-11-30
Goiânia,2024,3,27,2024-03-27,Vegetação,Outros,3,2024-11-30
Cristalina,2024,3,28,2024-03-28,Vegetação,Transporte/Comércio irregular de produtos florestais,7,2024-11-30
Luziânia,2024,3,28,2024-03-28,Água,Descarte de esgoto sem tratamento,1,2024-11-30
Mineiros,2024,3,29,2024-03-29,Água,Descarte de esgoto sem tratamento,2,2024-11-30
Cristalina,2024,3,29,2024-03-29,Atropelamento de animais silvestres,Ave,3,2024-11-30
Quirinópolis,2024,3,29,2024-03-29,Ar,Odor,1,2024-11-30
Senador Canedo,2024,3,30,2024-03-30,Emergências ambientais,Mortalidade de animais em grande quantidade,9,2024-11-30
Goiânia,2024,3,30,2024-03-30,Ruído,Ruído industrial,10,2024-11-30
Cristalina,2024,3,30,2024-03-30,Poluição ou degradação ambiental,Implantação de loteamento/parcelamento irregular do solo,7,2024-11-30
Itumbiara,2024,3,30,2024-03-30,Vegetação,Carvoaria,5,2024-11-30
Goiânia,2024,3,31,2024-03-31,Fogo,Fogo em vegetação nativa,4,2024-11-30
Goiânia,2024,3,31,2024-03-31,Solo,Descarte de entulho,3,2024-11-30
Mineiros,2024,3,31,2024-03-31,Barragens,Rompimentos já ocorridos,2,2024-11-30
Formosa,2024,4,1,2024-04-01,Vegetação,Outros,10,2024-11-30
Rio Verde,2024,4,1,2024-04-01,Água,Outros,8,2024-11-30
Quirinópolis,2024,4,1,2024-04-01,Fauna,Comércio de animais silvestres,9,2024-11-30
Goiânia,2024,4,2,2024-04-02,Atropelamento de animais silvestres,Não identificado,10,2024-11-30
Goianésia,2024,4,2,2024-04-02,Ar,Outros,3,2024-11-30
Goiânia,2024,4,2,2024-04-02,Emergências ambientais,Acidentes com produtos químicos,6,2024-11-30
Goiânia,2024,4,2,2024-04-02,Fogo,Outros,8,2024-11-30
Cristalina,2024,4,3,2024-04-03,Vegetação,Transporte/Comércio irregular de produtos florestais,1,2024-11-30
Mineiros,2024,4,3,2024-04-03,Água,Descarte de esgoto sem tratamento,3,2024-11-30
Goianésia,2024,4,3,2024-04-03,Poluição ou degradação ambiental,Implantação de loteamento/parcelamento irregular do solo,8,2024-11-30
Senador Canedo,2024,4,3,2024-04-03,Fauna,Animais silvestres em cativeiro,7,2024-11-30
Rio Verde,2024,4,3,2024-04-03,Fauna,Maus tratos a animais domésticos,4,2024-11-30
Goiânia,2024,4,4,2024-04-04,Atropelamento de animais silvestres,Anfíbio,7,2024-11-30
Rio Verde,2024,4,4,2024-04-04,Ruído,Ruído de mineração,1,2024-11-30
Trindade,2024,4,4,2024-04-04,Ar,Outros,5,2024-11-30
Novo Gama,2024,4,4,2024-04-04,Fogo,Fogo em vegetação nativa,9,2024-11-30
Goiânia,2024,4,5,2024-04-05,Atropelamento de animais silvestres,Anfíbio,3,2024-11-30
Formosa,2024,4,5,2024-04-05,Ruído,Ruído de mineração,7,2024-11-30
Goiânia,2024,4,5,2024-04-05,Barragens,Risco iminente de rompimento,8,2024-11-30
Goiânia,2024,4,6,2024-04-06,Água,Descarte de esgoto sem tratamento,5,2024-11-30
Goiânia,2024,4,7,2024-04-07,Vegetação,Carvoaria,4,2024-11-30
Senador Canedo,2024,4,7,2024-04-07,Ar,Outros,8,2024-11-30
Goiânia,2024,4,7,2024-04-07,Barragens,Outros,10,2024-11-30
Jataí,2024,4,8,2024-04-08,Água,Outros,1,2024-11-30
Itumbiara,2024,4,8,2024-04-08,Solo,Escavação / Terraplanagem,2,2024-11-30
Goiânia,2024,4,9,2024-04-09,Água,Outros,1,2024-11-30
Quirinópolis,2024,4,9,2024-04-09,Solo,Aterro sanitário / Lixão,10,2024-11-30
Goiânia,2024,4,9,2024-04-09,Barragens,Construções irregulares,6,2024-11-30
Goiânia,2024,4,9,2024-04-09,Água,Uso de água sem outorga,4,2024-11-30
Inhumas,2024,4,9,2024-04-09,Atropelamento de animais silvestres,Ave,10,2024-11-30
Trindade,2024,4,11,2024-04-11,Fauna,Pesca em período (piracema ou outro dispositivo legal) / local proibido (unidade de conservação),6,2024-11-30
Goiânia,2024,4,11,2024-04-11,Fauna,Pesca em período (piracema ou outro dispositivo legal) / local proibido (unidade de conservação),8,2024-11-30
Goiânia,2024,4,12,2024-04-12,Água,Descarte de resíduos sólidos ou líquidos industriais,4,2024-11-30
Goiânia,2024,4,12,2024-04-12,Fogo,Outros,6,2024-11-30
Aparecida de Goiânia,2024,4,12,2024-04-12,Ruído,Ruído de mineração,8,2024-11-30
Goiânia,2024,4,12,2024-04-12,Atropelamento de animais silvestres,Ave,2,2024-11-30
Caldas Novas,2024,4,12,2024-04-12,Poluição ou degradação ambiental,Outros,7,2024-11-30
Goianésia,2024,4,12,2024-04-12,Emergências ambientais,Acidentes com produtos químicos,6,2024-11-30
Inhumas,2024,4,13,2024-04-13,Atropelamento de animais silvestres,Ave,5,2024-11-30
Jataí,2024,4,14,2024-04-14,Vegetação,Outros,7,2024-11-30
Caldas Novas,2024,4,14,2024-04-14,Fogo,Outros,7,2024-11-30
Goianésia,2024,4,15,2024-04-15,Ruído,Outros,10,2024-11-30
Planaltina,2024,4,15,2024-04-15,Fogo,Queima de restos de culturas,9,2024-11-30
Goiânia,2024,4,15,2024-04-15,Ruído,Outros,8,2024-11-30
Itumbiara,2024,4,16,2024-04-16,Vegetação,Carvoaria,9,2024-11-30
Goiânia,2024,4,16,2024-04-16,Atropelamento de animais silvestres,Ave,9,2024-11-30
Goiânia,2024,4,16,2024-04-16,Fogo,Queima de restos de culturas,2,2024-11-30
Anápolis,2024,4,17,2024-04-17,Ruído,Outros,2,2024-11-30
Itumbiara,2024,4,18,2024-04-18,Fogo,Fogo em vegetação nativa,6,2024-11-30
Senador Canedo,2024,4,18,2024-04-18,Ruído,Outros,2,2024-11-30
Goiânia,2024,4,18,2024-04-18,Solo,Descarte de entulho,8,2024-11-30
Goiânia,2024,4,18,2024-04-18,Atropelamento de animais silvestres,Ave,4,2024-11-30
Planaltina,2024,4,18,2024-04-18,Poluição ou degradação ambiental,"Extração mineral (areia, brita, pedra e outros)",4,2024-11-30
Inhumas,2024,4,18,2024-04-18,Poluição ou degradação ambiental,Implantação de loteamento/parcelamento irregular do solo,8,2024-11-30
Águas Lindas de Goiás,2024,4,18,2024-04-18,Fauna,Animais silvestres em cativeiro,2,2024-11-30
Luziânia,2024,4,19,2024-04-19,Emergências ambientais,Acidentes no transporte de produtos perigosos,8,2024-11-30
Novo Gama,2024,4,19,2024-04-19,Fogo,Fogo em vegetação nativa,9,2024-11-30
Planaltina,2024,4,20,2024-04-20,Ruído,Ruído industrial,2,2024-11-30
Senador Canedo,2024,4,20,2024-04-20,Solo,Descarte de entulho,10,2024-11-30
Itumbiara,2024,4,20,2024-04-20,Ruído,Ruído industrial,6,2024-11-30
Goiânia,2024,4,20,2024-04-20,Ar,Fuligem/Poeira industrial,4,2024-11-30
Caldas Novas,2024,4,20,2024-04-20,Água,Outros,2,2024-11-30
Goiânia,2024,4,21,2024-04-21,Fauna,Outros,6,2024-11-30
Itumbiara,2024,4,21,2024-04-21,Ar,Odor,6,2024-11-30
Goiânia,2024,4,21,2024-04-21,Ar,Odor,9,2024-11-30
Goiânia,2024,4,21,2024-04-21,Ruído,Outros,6,2024-11-30
Goiânia,2024,4,21,2024-04-21,Fogo,Queima de restos de culturas,4,2024-11-30
Mineiros,2024,4,21,2024-04-21,Fauna,Caça,2,2024-11-30
Novo Gama,2024,4,22,2024-04-22,Barragens,Trincas/Rachaduras/Escorregamento etc (anomalias) referente à segurança de barragens,7,2024-11-30
Senador Canedo,2024,4,22,2024-04-22,Barragens,Outros,8,2024-11-30
Planaltina,2024,4,22,2024-04-22,Fauna,Animais silvestres em cativeiro,10,2024-11-30
Goiânia,2024,4,23,2024-04-23,Atropelamento de animais silvestres,Réptil,8,2024-11-30
Inhumas,2024,4,23,2024-04-23,Emergências ambientais,Acidentes com produtos químicos,10,2024-11-30
Aparecida de Goiânia,2024,4,23,2024-04-23,Água,Descarte de resíduos sólidos ou líquidos industriais,6,2024-11-30
Goiânia,2024,4,23,2024-04-23,Atropelamento de animais silvestres,Ave,8,2024-11-30
Goiânia,2024,4,24,2024-04-24,Barragens,Outros,1,2024-11-30
Rio Verde,2024,4,25,2024-04-25,Emergências ambientais,Acidentes com produtos químicos,4,2024-11-30
Novo Gama,2024,4,27,2024-04-27,Fauna,Outros,3,2024-11-30
Planaltina,2024,4,27,2024-04-27,Barragens,Risco iminente de rompimento,3,2024-11-30
Itumbiara,2024,4,28,2024-04-28,Atropelamento de animais silvestres,Réptil,3,2024-11-30
Jataí,2024,4,28,2024-04-28,Água,Outros,9,2024-11-30
Goiânia,2024,4,28,2024-04-28,Ar,Outros,5,2024-11-30
Rio Verde,2024,4,28,2024-04-28,Vegetação,Desmatamento/Supressão de Vegetação Nativa,6,2024-11-30
Goiânia,2024,4,29,2024-04-29,Solo,Descarte de entulho,6,2024-11-30
Goianésia,2024,4,29,2024-04-29,Ruído,Outros,5,2024-11-30
Águas Lindas de Goiás,2024,4,29,2024-04-29,Barragens,Construções irregulares,10,2024-11-30
Goiânia,2024,4,30,2024-04-30,Ruído,Outros,6,2024-11-30
Goiânia,2024,4,30,2024-04-30,Fogo,Queima de restos de culturas,9,2024-11-30
Planaltina,2024,4,30,2024-04-30,Vegetação,Exploração de árvores,2,2024-11-30
Cristalina,2024,5,1,2024-05-01,Solo,Descarte de resíduos sólidos,1,2024-11-30
Novo Gama,2024,5,1,2024-05-01,Ruído,Ruído industrial,5,2024-11-30
Caldas Novas,2024,5,2,2024-05-02,Água,Descarte de esgoto sem tratamento,7,2024-11-30
Rio Verde,2024,5,2,2024-05-02,Fogo,Queima de restos de culturas,10,2024-11-30
Goiânia,2024,5,3,2024-05-03,Fogo,Outros,2,2024-11-30
Goiânia,2024,5,4,2024-05-04,Vegetação,Exploração de árvores,7,2024-11-30
Goiânia,2024,5,4,2024-05-04,Fauna,Animais silvestres em cativeiro,8,2024-11-30
Águas Lindas de Goiás,2024,5,4,2024-05-04,Vegetação,Outros,9,2024-11-30
Formosa,2024,5,5,2024-05-05,Solo,Escavação / Terraplanagem,5,2024-11-30
Quirinópolis,2024,5,5,2024-05-05,Vegetação,Transporte/Comércio irregular de produtos florestais,6,2024-11-30
Luziânia,2024,5,5,2024-05-05,Solo,Descarte de entulho,2,2024-11-30
Quirinópolis,2024,5,5,2024-05-05,Atropelamento de animais silvestres,Anfíbio,3,2024-11-30
Águas Lindas de Goiás,2024,5,6,2024-05-06,Poluição ou degradação ambiental,Danificar área de proteção ambiental (Unidade de Conservação Ambiental),4,2024-11-30
Aparecida de Goiânia,2024,5,6,2024-05-06,Poluição ou degradação ambiental,Danificar área de proteção ambiental (Unidade de Conservação Ambiental),3,2024-11-30
Goiânia,2024,5,7,2024-05-07,Água,Descarte de esgoto sem tratamento,4,2024-11-30
Rio Verde,2024,5,7,2024-05-07,Atropelamento de animais silvestres,Réptil,7,2024-11-30
Itumbiara,2024,5,7,2024-05-07,Água,Uso de água sem outorga,4,2024-11-30
Goiânia,2024,5,9,2024-05-09,Emergências ambientais,Acidentes com produtos químicos,5,2024-11-30
Goiânia,2024,5,9,2024-05-09,Fauna,Comércio de animais silvestres,10,2024-11-30
Goianésia,2024,5,10,2024-05-10,Fauna,Maus tratos a animais domésticos,7,2024-11-30
Goiânia,2024,5,10,2024-05-10,Água,Outros,2,2024-11-30
Caldas Novas,2024,5,11,2024-05-11,Solo,Aterro sanitário / Lixão,3,2024-11-30
Quirinópolis,2024,5,11,2024-05-11,Poluição ou degradação ambiental,Danificar área de proteção ambiental (Unidade de Conservação Ambiental),6,2024-11-30
Planaltina,2024,5,11,2024-05-11,Fauna,Maus tratos a animais domésticos,6,2024-11-30
Planaltina,2024,5,12,2024-05-12,Fauna,Comércio de animais silvestres,8,2024-11-30
Planaltina,2024,5,12,2024-05-12,Atropelamento de animais silvestres,Ave,9,2024-11-30
Anápolis,2024,5,12,2024-05-12,Ruído,Ruído industrial,5,2024-11-30
Mineiros,2024,5,12,2024-05-12,Fogo,Outros,3,2024-11-30
Goiânia,2024,5,12,2024-05-12,Ar,Fuligem/Poeira industrial,10,2024-11-30
Goiânia,2024,5,13,2024-05-13,Ar,Outros,5,2024-11-30
Itumbiara,2024,5,14,2024-05-14,Água,Uso de água sem outorga,6,2024-11-30
Catalão,2024,5,14,2024-05-14,Ruído,Outros,7,2024-11-30
Formosa,2024,5,14,2024-05-14,Poluição ou degradação ambiental,"Extração mineral (areia, brita, pedra e outros)",7,2024-11-30
Goiânia,2024,5,15,2024-05-15,Barragens,Risco iminente de rompimento,2,2024-11-30
Goiânia,2024,5,15,2024-05-15,Fauna,Maus tratos a animais domésticos,3,2024-11-30
Cristalina,2024,5,15,2024-05-15,Fogo,Queima de restos de culturas,1,2024-11-30
Inhumas,2024,5,15,2024-05-15,Solo,Escavação / Terraplanagem,7,2024-11-30
Goiânia,2024,5,15,2024-05-15,Vegetação,Carvoaria,9,2024-11-30
Aparecida de Goiânia,2024,5,15,2024-05-15,Solo,Outros,9,2024-11-30
Catalão,2024,5,15,2024-05-15,Vegetação,Outros,6,2024-11-30
Goiânia,2024,5,15,2024-05-15,Barragens,Risco iminente de rompimento,6,2024-11-30
Catalão,2024,5,17,2024-05-17,Ruído,Ruído industrial,5,2024-11-30
Itumbiara,2024,5,17,2024-05-17,Ruído,Ruído industrial,7,2024-11-30
Águas Lindas de Goiás,2024,5,18,2024-05-18,Ar,Outros,4,2024-11-30
Goiânia,2024,5,18,2024-05-18,Fauna,Maus tratos a animais domésticos,10,2024-11-30
Planaltina,2024,5,18,2024-05-18,Ar,Fuligem/Poeira industrial,5,2024-11-30
Goiânia,2024,5,19,2024-05-19,Ruído,Ruído de mineração,8,2024-11-30
Goiânia,2024,5,20,2024-05-20,Solo,Aterro sanitário / Lixão,5,2024-11-30
Trindade,2024,5,21,2024-05-21,Emergências ambientais,Outros,6,2024-11-30
Senador Canedo,2024,5,21,2024-05-21,Solo,Descarte de resíduos sólidos,5,2024-11-30
Anápolis,2024,5,22,2024-05-22,Atropelamento de animais silvestres,Ave,10,2024-11-30
Goiânia,2024,5,23,2024-05-23,Barragens,Rompimentos já ocorridos,10,2024-11-30
Catalão,2024,5,23,2024-05-23,Poluição ou degradação ambiental,Implantação de loteamento/parcelamento irregular do solo,9,2024-11-30
Jataí,2024,5,24,2024-05-24,Barragens,Outros,9,2024-11-30
Aparecida de Goiânia,2024,5,24,2024-05-24,Solo,Escavação / Terraplanagem,8,2024-11-30
Goiânia,2024,5,25,2024-05-25,Barragens,Outros,7,2024-11-30
Goiânia,2024,5,25,2024-05-25,Ruído,Ruído de mineração,3,2024-11-30
Cristalina,2024,5,25,2024-05-25,Fauna,Outros,8,2024-11-30
Goiânia,2024,5,26,2024-05-26,Fogo,Fogo em vegetação nativa,5,2024-11-30
Novo Gama,2024,5,26,2024-05-26,Emergências ambientais,Acidentes com produtos químicos,5,2024-11-30
Itumbiara,2024,5,26,2024-05-26,Fogo,Fogo em vegetação nativa,10,2024-11-30
Águas Lindas de Goiás,2024,5,26,2024-05-26,Ruído,Outros,3,2024-11-30
Goiânia,2024,5,26,2024-05-26,Vegetação,Desmatamento/Supressão de Vegetação Nativa,7,2024-11-30
Aparecida de Goiânia,2024,5,27,2024-05-27,Atropelamento de animais silvestres,Réptil,2,2024-11-30
Goianésia,2024,5,28,2024-05-28,Atropelamento de animais silvestres,Anfíbio,3,2024-11-30
Águas Lindas de Goiás,2024,5,28,2024-05-28,Solo,Aterro sanitário / Lixão,5,2024-11-30
Luziânia,2024,5,28,2024-05-28,Poluição ou degradação ambiental,Implantação e/ou operação de atividade potencialmente poluidora,5,2024-11-30
Águas Lindas de Goiás,2024,5,29,2024-05-29,Vegetação,Desmatamento/Supressão de Vegetação Nativa,2,2024-11-30
Águas Lindas de Goiás,2024,5,29,2024-05-29,Ruído,Outros,4,2024-11-30
Trindade,2024,5,30,2024-05-30,Barragens,Trincas/Rachaduras/Escorregamento etc (anomalias) referente à segurança de barragens,1,2024-11-30
Jataí,2024,5,30,2024-05-30,Água,Outros,5,2024-11-30
Quirinópolis,2024,5,30,2024-05-30,Emergências ambientais,Outros,7,2024-11-30
Caldas Novas,2024,5,31,2024-05-31,Emergências ambientais,Mortalidade de animais em grande quantidade,8,2024-11-30
Goiânia,2024,5,31,2024-05-31,Atropelamento de animais silvestres,Não identificado,5,2024-11-30
Jataí,2024,6,1,2024-06-01,Ar,Fuligem/Poeira industrial,2,2024-11-30
Goiânia,2024,6,1,2024-06-01,Solo,Descarte de resíduos sólidos,9,2024-11-30
Goiânia,2024,6,1,2024-06-01,Fogo,Fogo em vegetação nativa,3,2024-11-30
Formosa,2024,6,2,2024-06-02,Fogo,Fogo em vegetação nativa,2,2024-11-30
Goiânia,2024,6,2,2024-06-02,Solo,Escavação / Terraplanagem,9,2024-11-30
Anápolis,2024,6,3,2024-06-03,Poluição ou degradação ambiental,Danificar área de proteção ambiental (Unidade de Conservação Ambiental),10,2024-11-30
Águas Lindas de Goiás,2024,6,3,2024-06-03,Ruído,Outros,4,2024-11-30
Novo Gama,2024,6,4,2024-06-04,Barragens,Construções irregulares,3,2024-11-30
Senador Canedo,2024,6,4,2024-06-04,Fauna,Maus tratos a animais domésticos,9,2024-11-30
Goiânia,2024,6,4,2024-06-04,Emergências ambientais,Mortalidade de animais em grande quantidade,10,2024-11-30
Goiânia,2024,6,4,2024-06-04,Água,Descarte de resíduos sólidos ou líquidos industriais,8,2024-11-30
Goiânia,2024,6,5,2024-06-05,Atropelamento de animais silvestres,Ave,3,2024-11-30
Goiânia,2024,6,6,2024-06-06,Ar,Outros,8,2024-11-30
Goiânia,2024,6,7,2024-06-07,Ar,Outros,6,2024-11-30
Goiânia,2024,6,7,2024-06-07,Água,Outros,2,2024-11-30
Planaltina,2024,6,7,2024-06-07,Atropelamento de animais silvestres,Réptil,4,2024-11-30
Goiânia,2024,6,8,2024-06-08,Ruído,Ruído industrial,2,2024-11-30
Goiânia,2024,6,8,2024-06-08,Vegetação,Outros,3,2024-11-30
Mineiros,2024,6,9,2024-06-09,Fauna,Pesca em período (piracema ou outro dispositivo legal) / local proibido (unidade de conservação),6,2024-11-30
Goiânia,2024,6,9,2024-06-09,Água,Descarte de resíduos sólidos ou líquidos industriais,4,2024-11-30
Goianésia,2024,6,9,2024-06-09,Fauna,Comércio de animais silvestres,3,2024-11-30
Formosa,2024,6,10,2024-06-10,Água,Outros,2,2024-11-30
Caldas Novas,2024,6,10,2024-06-10,Barragens,Construções irregulares,8,2024-11-30
Trindade,2024,6,10,2024-06-10,Vegetação,Exploração de árvores,7,2024-11-30
Inhumas,2024,6,10,2024-06-10,Ruído,Outros,3,2024-11-30
Águas Lindas de Goiás,2024,6,10,2024-06-10,Fogo,Queima de restos de culturas,10,2024-11-30
Catalão,2024,6,12,2024-06-12,Poluição ou degradação ambiental,Implantação de loteamento/parcelamento irregular do solo,10,2024-11-30
Goiânia,2024,6,13,2024-06-13,Emergências ambientais,Acidentes com produtos químicos,10,2024-11-30
Rio Verde,2024,6,13,2024-06-13,Ar,Fumaça,9,2024-11-30
Trindade,2024,6,13,2024-06-13,Atropelamento de animais silvestres,Réptil,8,2024-11-30
Goiânia,2024,6,14,2024-06-14,Fauna,Maus tratos a animais domésticos,3,2024-11-30
Senador Canedo,2024,6,14,2024-06-14,Atropelamento de animais silvestres,Réptil,9,2024-11-30
Caldas Novas,2024,6,14,2024-06-14,Fogo,Fogo em vegetação nativa,9,2024-11-30
Goiânia,2024,6,15,2024-06-15,Ar,Fuligem/Poeira industrial,6,2024-11-30
Rio Verde,2024,6,15,2024-06-15,Poluição ou degradação ambiental,Outros,5,2024-11-30
Rio Verde,2024,6,15,2024-06-15,Vegetação,Outros,6,2024-11-30
Formosa,2024,6,16,2024-06-16,Atropelamento de animais silvestres,Ave,1,2024-11-30
Inhumas,2024,6,16,2024-06-16,Fauna,Comércio de animais silvestres,1,2024-11-30
Senador Canedo,2024,6,17,2024-06-17,Poluição ou degradação ambiental,Danificar área de proteção ambiental (Unidade de Conservação Ambiental),8,2024-11-30
Jataí,2024,6,19,2024-06-19,Atropelamento de animais silvestres,Mamíferos,4,2024-11-30
Rio Verde,2024,6,19,2024-06-19,Atropelamento de animais silvestres,Mamíferos,2,2024-11-30
Planaltina,2024,6,19,2024-06-19,Fogo,Limpeza de pasto com fogo,1,2024-11-30
Cristalina,2024,6,19,2024-06-19,Água,Descarte de esgoto sem tratamento,7,2024-11-30
Goiânia,2024,6,20,2024-06-20,Água,Descarte de esgoto sem tratamento,6,2024-11-30
Cristalina,2024,6,21,2024-06-21,Água,Outros,8,2024-11-30
Goiânia,2024,6,21,2024-06-21,Ar,Fumaça,4,2024-11-30
Catalão,2024,6,21,2024-06-21,Solo,Escavação / Terraplanagem,5,2024-11-30
Quirinópolis,2024,6,22,2024-06-22,Ar,Fumaça,3,2024-11-30
Goiânia,2024,6,23,2024-06-23,Atropelamento de animais silvestres,Anfíbio,1,2024-11-30
Anápolis,2024,6,23,2024-06-23,Solo,Escavação / Terraplanagem,1,2024-11-30
Goiânia,2024,6,24,2024-06-24,Fauna,Caça,6,2024-11-30
Goiânia,2024,6,24,2024-06-24,Barragens,Risco iminente de rompimento,8,2024-11-30
Goianésia,2024,6,24,2024-06-24,Fauna,Comércio de animais silvestres,1,2024-11-30
Quirinópolis,2024,6,24,2024-06-24,Poluição ou degradação ambiental,Danificar área de proteção ambiental (Unidade de Conservação Ambiental),8,2024-11-30
Itumbiara,2024,6,25,2024-06-25,Poluição ou degradação ambiental,Implantação de loteamento/parcelamento irregular do solo,10,2024-11-30
Cristalina,2024,6,25,2024-06-25,Solo,Outros,1,2024-11-30
Goiânia,2024,6,25,2024-06-25,Ruído,Outros,8,2024-11-30
Senador Canedo,2024,6,26,2024-06-26,Vegetação,Exploração de árvores,3,2024-11-30
Mineiros,2024,6,27,2024-06-27,Água,Descarte de resíduos sólidos ou líquidos industriais,9,2024-11-30
Goiânia,2024,6,27,2024-06-27,Ar,Odor,10,2024-11-30
Planaltina,2024,6,27,2024-06-27,Vegetação,Desmatamento/Supressão de Vegetação Nativa,5,2024-11-30
Luziânia,2024,6,27,2024-06-27,Fauna,Pesca em período (piracema ou outro dispositivo legal) / local proibido (unidade de conservação),2,2024-11-30
Goiânia,2024,6,28,2024-06-28,Vegetação,Outros,2,2024-11-30
Goiânia,2024,6,28,2024-06-28,Solo,Aterro sanitário / Lixão,9,2024-11-30
Inhumas,2024,6,29,2024-06-29,Água,Outros,3,2024-11-30
Goiânia,2024,6,29,2024-06-29,Atropelamento de animais silvestres,Anfíbio,8,2024-11-30
Goiânia,2024,6,29,2024-06-29,Vegetação,Desmatamento/Supressão de Vegetação Nativa,6,2024-11-30
Formosa,2024,6,29,2024-06-29,Poluição ou degradação ambiental,"Extração mineral (areia, brita, pedra e outros)",4,2024-11-30
Goiânia,2024,6,30,2024-06-30,Barragens,Outros,10,2024-11-30
Anápolis,2024,6,30,2024-06-30,Barragens,Rompimentos já ocorridos,9,2024-11-30
Catalão,2024,6,30,2024-06-30,Ar,Outros,4,2024-11-30
Novo Gama,2024,7,1,2024-07-01,Solo,Outros,10,2024-11-30
Mineiros,2024,7,1,2024-07-01,Água,Outros,9,2024-11-30
Inhumas,2024,7,1,2024-07-01,Água,Descarte de resíduos sólidos ou líquidos industriais,6,2024-11-30
Jataí,2024,7,1,2024-07-01,Emergências ambientais,Acidentes com produtos químicos,10,2024-11-30
Mineiros,2024,7,2,2024-07-02,Atropelamento de animais silvestres,Réptil,10,2024-11-30
Luziânia,2024,7,2,2024-07-02,Atropelamento de animais silvestres,Anfíbio,9,2024-11-30
Goiânia,2024,7,4,2024-07-04,Emergências ambientais,Mortalidade de animais em grande quantidade,8,2024-11-30
Goianésia,2024,7,5,2024-07-05,Água,Uso de água sem outorga,8,2024-11-30
Formosa,2024,7,5,2024-07-05,Ruído,Ruído de mineração,6,2024-11-30
Senador Canedo,2024,7,6,2024-07-06,Poluição ou degradação ambiental,Danificar área de proteção ambiental (Unidade de Conservação Ambiental),3,2024-11-30
Luziânia,2024,7,6,2024-07-06,Ar,Odor,5,2024-11-30
Goiânia,2024,7,7,2024-07-07,Fauna,Comércio de animais silvestres,1,2024-11-30
Goiânia,2024,7,7,2024-07-07,Ar,Outros,7,2024-11-30
Novo Gama,2024,7,7,2024-07-07,Ar,Outros,3,2024-11-30
Luziânia,2024,7,7,2024-07-07,Fauna,Caça,6,2024-11-30
Goiânia,2024,7,8,2024-07-08,Vegetação,Outros,4,2024-11-30
Caldas Novas,2024,7,9,2024-07-09,Barragens,Outros,3,2024-11-30
Goiânia,2024,7,9,2024-07-09,Ruído,Ruído industrial,7,2024-11-30
Goiânia,2024,7,10,2024-07-10,Vegetação,Outros,2,2024-11-30
Goiânia,2024,7,10,2024-07-10,Água,Uso de água sem outorga,10,2024-11-30
Goianésia,2024,7,11,2024-07-11,Solo,Descarte de resíduos sólidos,5,2024-11-30
Goiânia,2024,7,12,2024-07-12,Fogo,Fogo em vegetação nativa,1,2024-11-30
Luziânia,2024,7,12,2024-07-12,Solo,Aterro sanitário / Lixão,8,2024-11-30
Goiânia,2024,7,12,2024-07-12,Emergências ambientais,Mortalidade de animais em grande quantidade,8,2024-11-30
Novo Gama,2024,7,13,2024-07-13,Água,Outros,10,2024-11-30
Itumbiara,2024,7,13,2024-07-13,Fogo,Fogo em vegetação nativa,3,2024-11-30
Goiânia,2024,7,13,2024-07-13,Fauna,Comércio de animais silvestres,3,2024-11-30
Jataí,2024,7,13,2024-07-13,Vegetação,Exploração de árvores,1,2024-11-30
Goiânia,2024,7,13,2024-07-13,Ar,Fuligem/Poeira industrial,3,2024-11-30
Senador Canedo,2024,7,13,2024-07-13,Barragens,Risco iminente de rompimento,2,2024-11-30
Mineiros,2024,7,14,2024-07-14,Emergências ambientais,Acidentes com produtos químicos,1,2024-11-30
Goianésia,2024,7,14,2024-07-14,Barragens,Construções irregulares,9,2024-11-30
Catalão,2024,7,14,2024-07-14,Solo,Aterro sanitário / Lixão,2,2024-11-30
Goiânia,2024,7,14,2024-07-14,Fauna,Comércio de animais silvestres,8,2024-11-30
Anápolis,2024,7,14,2024-07-14,Emergências ambientais,Acidentes com produtos químicos,3,2024-11-30
Goiânia,2024,7,14,2024-07-14,Fauna,Maus tratos a animais domésticos,10,2024-11-30
Goiânia,2024,7,15,2024-07-15,Fogo,Fogo em vegetação nativa,8,2024-11-30
Mineiros,2024,7,15,2024-07-15,Fauna,Maus tratos a animais domésticos,2,2024-11-30
Itumbiara,2024,7,15,2024-07-15,Atropelamento de animais silvestres,Réptil,7,2024-11-30
Jataí,2024,7,16,2024-07-16,Água,Descarte de resíduos sólidos ou líquidos industriais,2,2024-11-30
Cristalina,2024,7,16,2024-07-16,Ruído,Ruído industrial,2,2024-11-30
Luziânia,2024,7,17,2024-07-17,Poluição ou degradação ambiental,Implantação e/ou operação de atividade potencialmente poluidora,8,2024-11-30
Jataí,2024,7,17,2024-07-17,Fogo,Limpeza de pasto com fogo,4,2024-11-30
Trindade,2024,7,18,2024-07-18,Emergências ambientais,Acidentes no transporte de produtos perigosos,3,2024-11-30
Goiânia,2024,7,18,2024-07-18,Ar,Fumaça,6,2024-11-30
Cristalina,2024,7,19,2024-07-19,Emergências ambientais,Acidentes com produtos químicos,5,2024-11-30
Inhumas,2024,7,19,2024-07-19,Fogo,Queima de restos de culturas,10,2024-11-30
Formosa,2024,7,19,2024-07-19,Fogo,Limpeza de pasto com fogo,5,2024-11-30
Inhumas,2024,7,19,2024-07-19,Emergências ambientais,Acidentes com produtos químicos,3,2024-11-30
Luziânia,2024,7,19,2024-07-19,Fogo,Limpeza de pasto com fogo,9,2024-11-30
Goiânia,2024,7,19,2024-07-19,Fogo,Fogo em vegetação nativa,10,2024-11-30
Catalão,2024,7,21,2024-07-21,Ruído,Outros,8,2024-11-30
Trindade,2024,7,21,2024-07-21,Solo,Aterro sanitário / Lixão,4,2024-11-30
Cristalina,2024,7,21,2024-07-21,Poluição ou degradação ambiental,"Extração mineral (areia, brita, pedra e outros)",4,2024-11-30
Cristalina,2024,7,22,2024-07-22,Fauna,Caça,1,2024-11-30
Cristalina,2024,7,22,2024-07-22,Ruído,Ruído industrial,4,2024-11-30
Goiânia,2024,7,22,2024-07-22,Emergências ambientais,Outros,10,2024-11-30
Goiânia,2024,7,23,2024-07-23,Solo,Aterro sanitário / Lixão,9,2024-11-30
Goiânia,2024,7,23,2024-07-23,Atropelamento de animais silvestres,Mamíferos,10,2024-11-30
Aparecida de Goiânia,2024,7,23,2024-07-23,Poluição ou degradação ambiental,"Extração mineral (areia, brita, pedra e outros)",3,2024-11-30
Goiânia,2024,7,24,2024-07-24,Ar,Outros,1,2024-11-30
Goiânia,2024,7,24,2024-07-24,Vegetação,Transporte/Comércio irregular de produtos florestais,5,2024-11-30
Goiânia,2024,7,24,2024-07-24,Solo,Outros,7,2024-11-30
Goiânia,2024,7,25,2024-07-25,Vegetação,Carvoaria,2,2024-11-30
Goiânia,2024,7,25,2024-07-25,Vegetação,Outros,10,2024-11-30
Goianésia,2024,7,25,2024-07-25,Solo,Outros,4,2024-11-30
Luziânia,2024,7,25,2024-07-25,Ruído,Outros,4,2024-11-30
Jataí,2024,7,25,2024-07-25,Ruído,Outros,6,2024-11-30
Águas Lindas de Goiás,2024,7,26,2024-07-26,Emergências ambientais,Acidentes no transporte de produtos perigosos,9,2024-11-30
Trindade,2024,7,26,2024-07-26,Atropelamento de animais silvestres,Mamíferos,10,2024-11-30
Goiânia,2024,7,26,2024-07-26,Barragens,Outros,6,2024-11-30
Luziânia,2024,7,26,2024-07-26,Água,Uso de água sem outorga,3,2024-11-30
Goiânia,2024,7,26,2024-07-26,Ruído,Ruído industrial,9,2024-11-30
Aparecida de Goiânia,2024,7,27,2024-07-27,Poluição ou degradação ambiental,Implantação de loteamento/parcelamento irregular do solo,3,2024-11-30
Mineiros,2024,7,27,2024-07-27,Vegetação,Desmatamento/Supressão de Vegetação Nativa,6,2024-11-30
Jataí,2024,7,27,2024-07-27,Poluição ou degradação ambiental,Danificar área de proteção ambiental (Unidade de Conservação Ambiental),10,2024-11-30
Trindade,2024,7,27,2024-07-27,Poluição ou degradação ambiental,Implantação de loteamento/parcelamento irregular do solo,5,2024-11-30
Inhumas,2024,7,27,2024-07-27,Vegetação,Carvoaria,2,2024-11-30
Rio Verde,2024,7,27,2024-07-27,Atropelamento de animais silvestres,Ave,3,2024-11-30
Trindade,2024,7,27,2024-07-27,Solo,Aterro sanitário / Lixão,5,2024-11-30
Senador Canedo,2024,7,27,2024-07-27,Ruído,Ruído industrial,10,2024-11-30
Novo Gama,2024,7,28,2024-07-28,Vegetação,Exploração de árvores,3,2024-11-30
Senador Canedo,2024,7,28,2024-07-28,Vegetação,Outros,6,2024-11-30
Catalão,2024,7,28,2024-07-28,Vegetação,Exploração de árvores,10,2024-11-30
Goiânia,2024,7,29,2024-07-29,Ar,Fuligem/Poeira industrial,2,2024-11-30
Goiânia,2024,7,29,2024-07-29,Água,Uso de água sem outorga,10,2024-11-30
Planaltina,2024,7,29,2024-07-29,Vegetação,Transporte/Comércio irregular de produtos florestais,5,2024-11-30
Cristalina,2024,7,29,2024-07-29,Vegetação,Exploração de árvores,5,2024-11-30
Aparecida de Goiânia,2024,7,29,2024-07-29,Vegetação,Exploração de árvores,4,2024-11-30
Catalão,2024,7,30,2024-07-30,Solo,Outros,1,2024-11-30
Goiânia,2024,7,30,2024-07-30,Barragens,Construções irregulares,6,2024-11-30
Águas Lindas de Goiás,2024,7,30,2024-07-30,Poluição ou degradação ambiental,Danificar área de proteção ambiental (Unidade de Conservação Ambiental),8,2024-11-30
Caldas Novas,2024,7,31,2024-07-31,Poluição ou degradação ambiental,Implantação de loteamento/parcelamento irregular do solo,2,2024-11-30
Goianésia,2024,7,31,2024-07-31,Água,Uso de água sem outorga,1,2024-11-30
Trindade,2024,7,31,2024-07-31,Emergências ambientais,Acidentes com produtos químicos,7,2024-11-30
Goianésia,2024,7,31,2024-07-31,Água,Uso de água sem outorga,10,2024-11-30
Senador Canedo,2024,8,1,2024-08-01,Poluição ou degradação ambiental,Implantação e/ou operação de atividade potencialmente poluidora,5,2024-11-30
Goiânia,2024,8,2,2024-08-02,Solo,Aterro sanitário / Lixão,4,2024-11-30
Catalão,2024,8,2,2024-08-02,Fauna,Animais silvestres em cativeiro,6,2024-11-30
Quirinópolis,2024,8,3,2024-08-03,Água,Outros,1,2024-11-30
Goianésia,2024,8,3,2024-08-03,Vegetação,Transporte/Comércio irregular de produtos florestais,6,2024-11-30
Goiânia,2024,8,3,2024-08-03,Emergências ambientais,Outros,1,2024-11-30
Jataí,2024,8,4,2024-08-04,Atropelamento de animais silvestres,Mamíferos,2,2024-11-30
Quirinópolis,2024,8,4,2024-08-04,Solo,Aterro sanitário / Lixão,10,2024-11-30
Trindade,2024,8,4,2024-08-04,Atropelamento de animais silvestres,Mamíferos,8,2024-11-30
Goiânia,2024,8,5,2024-08-05,Atropelamento de animais silvestres,Não identificado,9,2024-11-30
Formosa,2024,8,5,2024-08-05,Ruído,Ruído industrial,2,2024-11-30
Goiânia,2024,8,6,2024-08-06,Fogo,Queima de restos de culturas,9,2024-11-30
Goiânia,2024,8,6,2024-08-06,Barragens,Risco iminente de rompimento,8,2024-11-30
Goiânia,2024,8,6,2024-08-06,Água,Descarte de resíduos sólidos ou líquidos industriais,2,2024-11-30
Goiânia,2024,8,7,2024-08-07,Fogo,Limpeza de pasto com fogo,3,2024-11-30
Mineiros,2024,8,7,2024-08-07,Fauna,Comércio de animais silvestres,10,2024-11-30
Inhumas,2024,8,7,2024-08-07,Vegetação,Carvoaria,4,2024-11-30
Goiânia,2024,8,7,2024-08-07,Vegetação,Carvoaria,8,2024-11-30
Mineiros,2024,8,7,2024-08-07,Fauna,Outros,10,2024-11-30
Aparecida de Goiânia,2024,8,7,2024-08-07,Ruído,Ruído de mineração,1,2024-11-30
Planaltina,2024,8,8,2024-08-08,Água,Uso de água sem outorga,7,2024-11-30
Goiânia,2024,8,8,2024-08-08,Atropelamento de animais silvestres,Réptil,4,2024-11-30
Trindade,2024,8,8,2024-08-08,Fauna,Maus tratos a animais domésticos,5,2024-11-30
Luziânia,2024,8,9,2024-08-09,Atropelamento de animais silvestres,Ave,10,2024-11-30
Goianésia,2024,8,9,2024-08-09,Emergências ambientais,Outros,6,2024-11-30
Goiânia,2024,8,11,2024-08-11,Atropelamento de animais silvestres,Réptil,6,2024-11-30
Itumbiara,2024,8,12,2024-08-12,Ruído,Outros,4,2024-11-30
Quirinópolis,2024,8,12,2024-08-12,Vegetação,Transporte/Comércio irregular de produtos florestais,10,2024-11-30
Goiânia,2024,8,13,2024-08-13,Água,Uso de água sem outorga,2,2024-11-30
Formosa,2024,8,13,2024-08-13,Solo,Aterro sanitário / Lixão,7,2024-11-30
Catalão,2024,8,13,2024-08-13,Vegetação,Outros,1,2024-11-30
Goiânia,2024,8,13,2024-08-13,Barragens,Outros,5,2024-11-30
Rio Verde,2024,8,13,2024-08-13,Ruído,Ruído industrial,7,2024-11-30
Senador Canedo,2024,8,14,2024-08-14,Fogo,Queima de restos de culturas,5,2024-11-30
Novo Gama,2024,8,15,2024-08-15,Emergências ambientais,Acidentes no transporte de produtos perigosos,1,2024-11-30
Goiânia,2024,8,15,2024-08-15,Fogo,Limpeza de pasto com fogo,9,2024-11-30
Goiânia,2024,8,15,2024-08-15,Fauna,Animais silvestres em cativeiro,10,2024-11-30
Goiânia,2024,8,16,2024-08-16,Fauna,Animais silvestres em cativeiro,7,2024-11-30
Mineiros,2024,8,17,2024-08-17,Emergências ambientais,Outros,3,2024-11-30
Goiânia,2024,8,17,2024-08-17,Fauna,Pesca em período (piracema ou outro dispositivo legal) / local proibido (unidade de conservação),10,2024-11-30
Goiânia,2024,8,17,2024-08-17,Ar,Fumaça,2,2024-11-30
Quirinópolis,2024,8,17,2024-08-17,Fogo,Queima de restos de culturas,6,2024-11-30
Anápolis,2024,8,17,2024-08-17,Vegetação,Exploração de árvores,3,2024-11-30
Goiânia,2024,8,17,2024-08-17,Atropelamento de animais silvestres,Anfíbio,1,2024-11-30
Mineiros,2024,8,18,2024-08-18,Ar,Outros,3,2024-11-30
Catalão,2024,8,18,2024-08-18,Atropelamento de animais silvestres,Não identificado,7,2024-11-30
Quirinópolis,2024,8,18,2024-08-18,Atropelamento de animais silvestres,Ave,8,2024-11-30
Goiânia,2024,8,18,2024-08-18,Água,Outros,8,2024-11-30
Goianésia,2024,8,19,2024-08-19,Ruído,Outros,4,2024-11-30
Goiânia,2024,8,19,2024-08-19,Fogo,Queima de restos de culturas,3,2024-11-30
Águas Lindas de Goiás,2024,8,19,2024-08-19,Ar,Outros,2,2024-11-30
Goiânia,2024,8,20,2024-08-20,Solo,Descarte de entulho,1,2024-11-30
Goiânia,2024,8,20,2024-08-20,Ruído,Ruído de mineração,1,2024-11-30
Águas Lindas de Goiás,2024,8,21,2024-08-21,Fauna,Outros,8,2024-11-30
Novo Gama,2024,8,21,2024-08-21,Fauna,Maus tratos a animais domésticos,7,2024-11-30
Inhumas,2024,8,21,2024-08-21,Fogo,Fogo em vegetação nativa,6,2024-11-30
Planaltina,2024,8,21,2024-08-21,Barragens,Rompimentos já ocorridos,4,2024-11-30
Planaltina,2024,8,21,2024-08-21,Barragens,Risco iminente de rompimento,8,2024-11-30
Goiânia,2024,8,21,2024-08-21,Barragens,Trincas/Rachaduras/Escorregamento etc (anomalias) referente à segurança de barragens,2,2024-11-30
Goiânia,2024,8,22,2024-08-22,Solo,Escavação / Terraplanagem,3,2024-11-30
Formosa,2024,8,23,2024-08-23,Ruído,Ruído industrial,7,2024-11-30
Goiânia,2024,8,24,2024-08-24,Ruído,Ruído de mineração,1,2024-11-30
Senador Canedo,2024,8,24,2024-08-24,Fauna,Outros,6,2024-11-30
Goiânia,2024,8,24,2024-08-24,Ar,Odor,6,2024-11-30
Quirinópolis,2024,8,25,2024-08-25,Ruído,Outros,2,2024-11-30
Caldas Novas,2024,8,25,2024-08-25,Fogo,Limpeza de pasto com fogo,5,2024-11-30
Senador Canedo,2024,8,25,2024-08-25,Fogo,Outros,2,2024-11-30
Itumbiara,2024,8,25,2024-08-25,Vegetação,Exploração de árvores,3,2024-11-30
Cristalina,2024,8,25,2024-08-25,Solo,Descarte de entulho,2,2024-11-30
Aparecida de Goiânia,2024,8,26,2024-08-26,Barragens,Outros,5,2024-11-30
Jataí,2024,8,26,2024-08-26,Vegetação,Desmatamento/Supressão de Vegetação Nativa,8,2024-11-30
Goiânia,2024,8,26,2024-08-26,Atropelamento de animais silvestres,Não identificado,2,2024-11-30
Goiânia,2024,8,26,2024-08-26,Ar,Fumaça,3,2024-11-30
Novo Gama,2024,8,26,2024-08-26,Emergências ambientais,Acidentes no transporte de produtos perigosos,2,2024-11-30
Cristalina,2024,8,26,2024-08-26,Emergências ambientais,Outros,7,2024-11-30
Goiânia,2024,8,27,2024-08-27,Água,Uso de água sem outorga,2,2024-11-30
Goiânia,2024,8,27,2024-08-27,Poluição ou degradação ambiental,"Extração mineral (areia, brita, pedra e outros)",4,2024-11-30
Goiânia,2024,8,27,2024-08-27,Vegetação,Outros,5,2024-11-30
Catalão,2024,8,28,2024-08-28,Emergências ambientais,Mortalidade de animais em grande quantidade,4,2024-11-30
Jataí,2024,8,28,2024-08-28,Atropelamento de animais silvestres,Mamíferos,9,2024-11-30
Formosa,2024,8,28,2024-08-28,Ar,Odor,6,2024-11-30
Goiânia,2024,8,29,2024-08-29,Fauna,Maus tratos a animais domésticos,9,2024-11-30
Rio Verde,2024,8,29,2024-08-29,Vegetação,Desmatamento/Supressão de Vegetação Nativa,2,2024-11-30
Caldas Novas,2024,8,29,2024-08-29,Emergências ambientais,Outros,9,2024-11-30
Itumbiara,2024,8,29,2024-08-29,Solo,Escavação / Terraplanagem,2,2024-11-30
Formosa,2024,8,30,2024-08-30,Vegetação,Exploração de árvores,6,2024-11-30
Goiânia,2024,8,30,2024-08-30,Solo,Aterro sanitário / Lixão,10,2024-11-30
Cristalina,2024,8,30,2024-08-30,Poluição ou degradação ambiental,Implantação de loteamento/parcelamento irregular do solo,7,2024-11-30
Caldas Novas,2024,8,30,2024-08-30,Poluição ou degradação ambiental,Implantação de loteamento/parcelamento irregular do solo,9,2024-11-30
Novo Gama,2024,8,31,2024-08-31,Solo,Descarte de entulho,2,2024-11-30
Goiânia,2024,8,31,2024-08-31,Emergências ambientais,Acidentes com produtos químicos,2,2024-11-30
Rio Verde,2024,9,2,2024-09-02,Fogo,Queima de restos de culturas,4,2024-11-30
Goiânia,2024,9,2,2024-09-02,Ar,Fumaça,5,2024-11-30
Goiânia,2024,9,3,2024-09-03,Água,Descarte de resíduos sólidos ou líquidos industriais,9,2024-11-30
Rio Verde,2024,9,3,2024-09-03,Água,Outros,5,2024-11-30
Itumbiara,2024,9,3,2024-09-03,Poluição ou degradação ambiental,Outros,4,2024-11-30
Itumbiara,2024,9,4,2024-09-04,Barragens,Construções irregulares,3,2024-11-30
Goiânia,2024,9,4,2024-09-04,Fogo,Queima de restos de culturas,5,2024-11-30
Goiânia,2024,9,4,2024-09-04,Água,Outros,2,2024-11-30
Goiânia,2024,9,4,2024-09-04,Emergências ambientais,Mortalidade de animais em grande quantidade,10,2024-11-30
Goiânia,2024,9,5,2024-09-05,Solo,Descarte de entulho,8,2024-11-30
Planaltina,2024,9,5,2024-09-05,Atropelamento de animais silvestres,Mamíferos,8,2024-11-30
Senador Canedo,2024,9,6,2024-09-06,Fogo,Queima de restos de culturas,3,2024-11-30
Cristalina,2024,9,6,2024-09-06,Barragens,Outros,2,2024-11-30
Formosa,2024,9,6,2024-09-06,Fogo,Limpeza de pasto com fogo,9,2024-11-30
Goiânia,2024,9,7,2024-09-07,Água,Descarte de esgoto sem tratamento,4,2024-11-30
Goiânia,2024,9,7,2024-09-07,Ruído,Outros,6,2024-11-30
Novo Gama,2024,9,7,2024-09-07,Barragens,Outros,6,2024-11-30
Aparecida de Goiânia,2024,9,8,2024-09-08,Poluição ou degradação ambiental,Danificar área de proteção ambiental (Unidade de Conservação Ambiental),1,2024-11-30
Goiânia,2024,9,8,2024-09-08,Ar,Outros,5,2024-11-30
Goiânia,2024,9,9,2024-09-09,Emergências ambientais,Acidentes com produtos químicos,7,2024-11-30
Goianésia,2024,9,9,2024-09-09,Fogo,Outros,1,2024-11-30
Caldas Novas,2024,9,9,2024-09-09,Fauna,Animais silvestres em cativeiro,3,2024-11-30
Caldas Novas,2024,9,9,2024-09-09,Solo,Descarte de entulho,8,2024-11-30
Goiânia,2024,9,10,2024-09-10,Fogo,Queima de restos de culturas,8,2024-11-30
Águas Lindas de Goiás,2024,9,11,2024-09-11,Solo,Descarte de entulho,3,2024-11-30
Goiânia,2024,9,11,2024-09-11,Poluição ou degradação ambiental,Implantação e/ou operação de atividade potencialmente poluidora,1,2024-11-30
Catalão,2024,9,12,2024-09-12,Poluição ou degradação ambiental,Danificar área de proteção ambiental (Unidade de Conservação Ambiental),6,2024-11-30
Quirinópolis,2024,9,12,2024-09-12,Fauna,Caça,9,2024-11-30
Goiânia,2024,9,13,2024-09-13,Poluição ou degradação ambiental,Outros,5,2024-11-30
Senador Canedo,2024,9,13,2024-09-13,Emergências ambientais,Outros,4,2024-11-30
Inhumas,2024,9,14,2024-09-14,Fauna,Comércio de animais silvestres,1,2024-11-30
Anápolis,2024,9,14,2024-09-14,Fogo,Limpeza de pasto com fogo,1,2024-11-30
Quirinópolis,2024,9,14,2024-09-14,Atropelamento de animais silvestres,Anfíbio,9,2024-11-30
Mineiros,2024,9,15,2024-09-15,Água,Descarte de esgoto sem tratamento,7,2024-11-30
Itumbiara,2024,9,15,2024-09-15,Solo,Descarte de entulho,2,2024-11-30
Itumbiara,2024,9,15,2024-09-15,Ar,Outros,3,2024-11-30
Anápolis,2024,9,15,2024-09-15,Fauna,Caça,2,2024-11-30
Catalão,2024,9,16,2024-09-16,Solo,Outros,9,2024-11-30
Senador Canedo,2024,9,16,2024-09-16,Solo,Escavação / Terraplanagem,10,2024-11-30
Trindade,2024,9,16,2024-09-16,Fauna,Outros,5,2024-11-30
Jataí,2024,9,16,2024-09-16,Solo,Aterro sanitário / Lixão,9,2024-11-30
Trindade,2024,9,17,2024-09-17,Água,Outros,1,2024-11-30
Senador Canedo,2024,9,18,2024-09-18,Solo,Aterro sanitário / Lixão,10,2024-11-30
Goiânia,2024,9,19,2024-09-19,Ar,Fumaça,4,2024-11-30
Trindade,2024,9,19,2024-09-19,Poluição ou degradação ambiental,Danificar área de proteção ambiental (Unidade de Conservação Ambiental),6,2024-11-30
Luziânia,2024,9,20,2024-09-20,Emergências ambientais,Outros,2,2024-11-30
Inhumas,2024,9,20,2024-09-20,Poluição ou degradação ambiental,"Extração mineral (areia, brita, pedra e outros)",10,2024-11-30
Goiânia,2024,9,20,2024-09-20,Atropelamento de animais silvestres,Não identificado,5,2024-11-30
Goiânia,2024,9,20,2024-09-20,Barragens,Construções irregulares,9,2024-11-30
Goiânia,2024,9,20,2024-09-20,Atropelamento de animais silvestres,Ave,9,2024-11-30
Águas Lindas de Goiás,2024,9,20,2024-09-20,Fauna,Maus tratos a animais domésticos,8,2024-11-30
Anápolis,2024,9,20,2024-09-20,Barragens,Outros,8,2024-11-30
Caldas Novas,2024,9,21,2024-09-21,Emergências ambientais,Acidentes com produtos químicos,8,2024-11-30
Aparecida de Goiânia,2024,9,21,2024-09-21,Solo,Aterro sanitário / Lixão,5,2024-11-30
Planaltina,2024,9,21,2024-09-21,Emergências ambientais,Acidentes no transporte de produtos perigosos,1,2024-11-30
Cristalina,2024,9,21,2024-09-21,Emergências ambientais,Acidentes no transporte de produtos perigosos,7,2024-11-30
Mineiros,2024,9,22,2024-09-22,Ruído,Outros,3,2024-11-30
Águas Lindas de Goiás,2024,9,23,2024-09-23,Ruído,Ruído industrial,4,2024-11-30
Itumbiara,2024,9,23,2024-09-23,Água,Uso de água sem outorga,7,2024-11-30
Goianésia,2024,9,23,2024-09-23,Vegetação,Exploração de árvores,6,2024-11-30
Goiânia,2024,9,24,2024-09-24,Fauna,Pesca em período (piracema ou outro dispositivo legal) / local proibido (unidade de conservação),10,2024-11-30
Goiânia,2024,9,24,2024-09-24,Fauna,Pesca em período (piracema ou outro dispositivo legal) / local proibido (unidade de conservação),8,2024-11-30
Goianésia,2024,9,25,2024-09-25,Solo,Descarte de entulho,1,2024-11-30
Inhumas,2024,9,26,2024-09-26,Atropelamento de animais silvestres,Mamíferos,2,2024-11-30
Cristalina,2024,9,26,2024-09-26,Fogo,Fogo em vegetação nativa,4,2024-11-30
Itumbiara,2024,9,26,2024-09-26,Emergências ambientais,Acidentes com produtos químicos,3,2024-11-30
Jataí,2024,9,26,2024-09-26,Água,Descarte de resíduos sólidos ou líquidos industriais,2,2024-11-30
Mineiros,2024,9,26,2024-09-26,Ar,Fuligem/Poeira industrial,5,2024-11-30
Goiânia,2024,9,28,2024-09-28,Fogo,Outros,9,2024-11-30
Águas Lindas de Goiás,2024,9,28,2024-09-28,Água,Outros,10,2024-11-30
Goianésia,2024,9,28,2024-09-28,Fogo,Fogo em vegetação nativa,5,2024-11-30
Goiânia,2024,9,28,2024-09-28,Atropelamento de animais silvestres,Mamíferos,4,2024-11-30
Goiânia,2024,9,28,2024-09-28,Fauna,Animais silvestres em cativeiro,7,2024-11-30
Goianésia,2024,9,29,2024-09-29,Fogo,Limpeza de pasto com fogo,3,2024-11-30
Trindade,2024,9,30,2024-09-30,Poluição ou degradação ambiental,Implantação e/ou operação de atividade potencialmente poluidora,3,2024-11-30
Goiânia,2024,9,30,2024-09-30,Atropelamento de animais silvestres,Ave,3,2024-11-30
Goiânia,2024,9,30,2024-09-30,Ar,Fumaça,4,2024-11-30
Senador Canedo,2024,9,30,2024-09-30,Ruído,Outros,2,2024-11-30
Goiânia,2024,10,1,2024-10-01,Ar,Odor,5,2024-11-30
Goiânia,2024,10,1,2024-10-01,Fogo,Limpeza de pasto com fogo,1,2024-11-30
Goiânia,2024,10,3,2024-10-03,Ruído,Ruído de mineração,7,2024-11-30
Jataí,2024,10,3,2024-10-03,Água,Descarte de esgoto sem tratamento,5,2024-11-30
Inhumas,2024,10,4,2024-10-04,Ruído,Ruído industrial,9,2024-11-30
Goiânia,2024,10,4,2024-10-04,Ruído,Ruído industrial,9,2024-11-30
Planaltina,2024,10,4,2024-10-04,Emergências ambientais,Outros,6,2024-11-30
Goiânia,2024,10,4,2024-10-04,Fauna,Animais silvestres em cativeiro,9,2024-11-30
Goiânia,2024,10,4,2024-10-04,Emergências ambientais,Outros,5,2024-11-30
Aparecida de Goiânia,2024,10,5,2024-10-05,Atropelamento de animais silvestres,Ave,7,2024-11-30
Itumbiara,2024,10,5,2024-10-05,Barragens,Risco iminente de rompimento,9,2024-11-30
Aparecida de Goiânia,2024,10,6,2024-10-06,Solo,Descarte de entulho,1,2024-11-30
Jataí,2024,10,6,2024-10-06,Água,Descarte de esgoto sem tratamento,9,2024-11-30
Novo Gama,2024,10,6,2024-10-06,Fogo,Queima de restos de culturas,9,2024-11-30
Goiânia,2024,10,7,2024-10-07,Fogo,Outros,8,2024-11-30
Planaltina,2024,10,8,2024-10-08,Ar,Fumaça,9,2024-11-30
Luziânia,2024,10,8,2024-10-08,Fogo,Queima de restos de culturas,10,2024-11-30
Goiânia,2024,10,8,2024-10-08,Água,Descarte de resíduos sólidos ou líquidos industriais,8,2024-11-30
Goiânia,2024,10,8,2024-10-08,Atropelamento de animais silvestres,Anfíbio,10,2024-11-30
Goiânia,2024,10,9,2024-10-09,Água,Outros,5,2024-11-30
Goiânia,2024,10,9,2024-10-09,Atropelamento de animais silvestres,Anfíbio,3,2024-11-30
Caldas Novas,2024,10,9,2024-10-09,Barragens,Risco iminente de rompimento,10,2024-11-30
Itumbiara,2024,10,9,2024-10-09,Ruído,Outros,5,2024-11-30
Goiânia,2024,10,9,2024-10-09,Atropelamento de animais silvestres,Anfíbio,10,2024-11-30
Senador Canedo,2024,10,10,2024-10-10,Solo,Descarte de resíduos sólidos,9,2024-11-30
Rio Verde,2024,10,10,2024-10-10,Vegetação,Exploração de árvores,4,2024-11-30
Formosa,2024,10,10,2024-10-10,Emergências ambientais,Acidentes com produtos químicos,1,2024-11-30
Cristalina,2024,10,10,2024-10-10,Barragens,Trincas/Rachaduras/Escorregamento etc (anomalias) referente à segurança de barragens,6,2024-11-30
Novo Gama,2024,10,11,2024-10-11,Fauna,Caça,4,2024-11-30
Aparecida de Goiânia,2024,10,11,2024-10-11,Solo,Outros,3,2024-11-30
Novo Gama,2024,10,12,2024-10-12,Fogo,Outros,2,2024-11-30
Trindade,2024,10,12,2024-10-12,Água,Descarte de resíduos sólidos ou líquidos industriais,4,2024-11-30
Goiânia,2024,10,13,2024-10-13,Barragens,Outros,8,2024-11-30
Cristalina,2024,10,13,2024-10-13,Emergências ambientais,Acidentes com produtos químicos,3,2024-11-30
Goiânia,2024,10,13,2024-10-13,Emergências ambientais,Acidentes com produtos químicos,6,2024-11-30
Mineiros,2024,10,13,2024-10-13,Fauna,Maus tratos a animais domésticos,5,2024-11-30
Goiânia,2024,10,13,2024-10-13,Ruído,Ruído industrial,6,2024-11-30
Itumbiara,2024,10,13,2024-10-13,Atropelamento de animais silvestres,Mamíferos,8,2024-11-30
Goiânia,2024,10,15,2024-10-15,Água,Outros,3,2024-11-30
Planaltina,2024,10,15,2024-10-15,Solo,Outros,4,2024-11-30
Trindade,2024,10,15,2024-10-15,Barragens,Outros,2,2024-11-30
Formosa,2024,10,16,2024-10-16,Vegetação,Carvoaria,5,2024-11-30
Goiânia,2024,10,16,2024-10-16,Fogo,Outros,7,2024-11-30
Goiânia,2024,10,16,2024-10-16,Ar,Odor,2,2024-11-30
Goiânia,2024,10,17,2024-10-17,Ar,Fuligem/Poeira industrial,9,2024-11-30
Senador Canedo,2024,10,17,2024-10-17,Fogo,Limpeza de pasto com fogo,1,2024-11-30
Goiânia,2024,10,17,2024-10-17,Atropelamento de animais silvestres,Não identificado,10,2024-11-30
Catalão,2024,10,17,2024-10-17,Solo,Escavação / Terraplanagem,5,2024-11-30
Aparecida de Goiânia,2024,10,17,2024-10-17,Fauna,Maus tratos a animais domésticos,3,2024-11-30
Goiânia,2024,10,17,2024-10-17,Solo,Descarte de entulho,7,2024-11-30
Mineiros,2024,10,18,2024-10-18,Vegetação,Exploração de árvores,1,2024-11-30
Rio Verde,2024,10,18,2024-10-18,Água,Descarte de esgoto sem tratamento,4,2024-11-30
Goianésia,2024,10,19,2024-10-19,Poluição ou degradação ambiental,Implantação de loteamento/parcelamento irregular do solo,1,2024-11-30
Goiânia,2024,10,19,2024-10-19,Fauna,Animais silvestres em cativeiro,1,2024-11-30
Anápolis,2024,10,19,2024-10-19,Ar,Fumaça,3,2024-11-30
Goiânia,2024,10,19,2024-10-19,Ar,Odor,10,2024-11-30
Goiânia,2024,10,19,2024-10-19,Fogo,Limpeza de pasto com fogo,6,2024-11-30
Goiânia,2024,10,19,2024-10-19,Fauna,Maus tratos a animais domésticos,3,2024-11-30
Goiânia,2024,10,19,2024-10-19,Poluição ou degradação ambiental,Outros,6,2024-11-30
Catalão,2024,10,20,2024-10-20,Ruído,Ruído de mineração,8,2024-11-30
Goiânia,2024,10,20,2024-10-20,Água,Outros,10,2024-11-30
Jataí,2024,10,20,2024-10-20,Ar,Odor,5,2024-11-30
Caldas Novas,2024,10,20,2024-10-20,Ruído,Outros,5,2024-11-30
Cristalina,2024,10,22,2024-10-22,Emergências ambientais,Acidentes com produtos químicos,6,2024-11-30
Goiânia,2024,10,22,2024-10-22,Atropelamento de animais silvestres,Não identificado,1,2024-11-30
Senador Canedo,2024,10,22,2024-10-22,Emergências ambientais,Acidentes no transporte de produtos perigosos,9,2024-11-30
Catalão,2024,10,22,2024-10-22,Fauna,Pesca em período (piracema ou outro dispositivo legal) / local proibido (unidade de conservação),8,2024-11-30
Goiânia,2024,10,23,2024-10-23,Emergências ambientais,Acidentes no transporte de produtos perigosos,9,2024-11-30
Goiânia,2024,10,23,2024-10-23,Barragens,Outros,3,2024-11-30
Goiânia,2024,10,24,2024-10-24,Vegetação,Desmatamento/Supressão de Vegetação Nativa,5,2024-11-30
Inhumas,2024,10,24,2024-10-24,Emergências ambientais,Acidentes com produtos químicos,4,2024-11-30
Goiânia,2024,10,24,2024-10-24,Barragens,Trincas/Rachaduras/Escorregamento etc (anomalias) referente à segurança de barragens,7,2024-11-30
Goiânia,2024,10,25,2024-10-25,Ruído,Ruído de mineração,8,2024-11-30
Cristalina,2024,10,25,2024-10-25,Ar,Outros,10,2024-11-30
Goiânia,2024,10,25,2024-10-25,Ar,Outros,8,2024-11-30
Anápolis,2024,10,25,2024-10-25,Atropelamento de animais silvestres,Anfíbio,4,2024-11-30
Goiânia,2024,10,26,2024-10-26,Água,Descarte de esgoto sem tratamento,3,2024-11-30
Aparecida de Goiânia,2024,10,28,2024-10-28,Fogo,Outros,3,2024-11-30
Goiânia,2024,10,28,2024-10-28,Fogo,Limpeza de pasto com fogo,9,2024-11-30
Mineiros,2024,10,28,2024-10-28,Fauna,Maus tratos a animais domésticos,7,2024-11-30
Goianésia,2024,10,28,2024-10-28,Água,Descarte de esgoto sem tratamento,5,2024-11-30
Cristalina,2024,10,29,2024-10-29,Vegetação,Exploração de árvores,1,2024-11-30
Formosa,2024,10,30,2024-10-30,Vegetação,Carvoaria,8,2024-11-30
Formosa,2024,10,30,2024-10-30,Fauna,Maus tratos a animais domésticos,5,2024-11-30
Goiânia,2024,10,31,2024-10-31,Vegetação,Exploração de árvores,4,2024-11-30
Senador Canedo,2024,10,31,2024-10-31,Atropelamento de animais silvestres,Anfíbio,6,2024-11-30
Goiânia,2024,10,31,2024-10-31,Água,Descarte de resíduos sólidos ou líquidos industriais,8,2024-11-30
Catalão,2024,10,31,2024-10-31,Barragens,Rompimentos já ocorridos,6,2024-11-30
Itumbiara,2024,10,31,2024-10-31,Emergências ambientais,Acidentes no transporte de produtos perigosos,5,2024-11-30
Anápolis,2024,10,31,2024-10-31,Vegetação,Desmatamento/Supressão de Vegetação Nativa,10,2024-11-30
Novo Gama,2024,11,1,2024-11-01,Barragens,Trincas/Rachaduras/Escorregamento etc (anomalias) referente à segurança de barragens,4,2024-11-30
Quirinópolis,2024,11,2,2024-11-02,Fogo,Queima de restos de culturas,5,2024-11-30
Quirinópolis,2024,11,2,2024-11-02,Fauna,Maus tratos a animais domésticos,4,2024-11-30
Cristalina,2024,11,4,2024-11-04,Ruído,Ruído industrial,2,2024-11-30
Goiânia,2024,11,4,2024-11-04,Ar,Outros,3,2024-11-30
Águas Lindas de Goiás,2024,11,4,2024-11-04,Emergências ambientais,Acidentes no transporte de produtos perigosos,8,2024-11-30
Goiânia,2024,11,5,2024-11-05,Atropelamento de animais silvestres,Réptil,7,2024-11-30
Goiânia,2024,11,5,2024-11-05,Poluição ou degradação ambiental,Implantação de loteamento/parcelamento irregular do solo,5,2024-11-30
Senador Canedo,2024,11,5,2024-11-05,Água,Descarte de esgoto sem tratamento,2,2024-11-30
Formosa,2024,11,6,2024-11-06,Vegetação,Exploração de árvores,8,2024-11-30
Goiânia,2024,11,6,2024-11-06,Poluição ou degradação ambiental,Outros,1,2024-11-30
Goiânia,2024,11,6,2024-11-06,Atropelamento de animais silvestres,Ave,8,2024-11-30
Senador Canedo,2024,11,6,2024-11-06,Poluição ou degradação ambiental,Implantação de loteamento/parcelamento irregular do solo,8,2024-11-30
Goiânia,2024,11,6,2024-11-06,Solo,Outros,1,2024-11-30
Aparecida de Goiânia,2024,11,7,2024-11-07,Emergências ambientais,Acidentes com produtos químicos,1,2024-11-30
Goiânia,2024,11,8,2024-11-08,Emergências ambientais,Outros,1,2024-11-30
Rio Verde,2024,11,8,2024-11-08,Barragens,Rompimentos já ocorridos,7,2024-11-30
Goiânia,2024,11,8,2024-11-08,Poluição ou degradação ambiental,Implantação e/ou operação de atividade potencialmente poluidora,8,2024-11-30
Goiânia,2024,11,8,2024-11-08,Atropelamento de animais silvestres,Ave,3,2024-11-30
Formosa,2024,11,9,2024-11-09,Fauna,Animais silvestres em cativeiro,2,2024-11-30
Formosa,2024,11,9,2024-11-09,Água,Descarte de esgoto sem tratamento,3,2024-11-30
Mineiros,2024,11,10,2024-11-10,Barragens,Outros,6,2024-11-30
Anápolis,2024,11,10,2024-11-10,Solo,Descarte de entulho,7,2024-11-30
Mineiros,2024,11,11,2024-11-11,Barragens,Rompimentos já ocorridos,2,2024-11-30
Novo Gama,2024,11,11,2024-11-11,Solo,Outros,8,2024-11-30
Goiânia,2024,11,12,2024-11-12,Emergências ambientais,Acidentes com produtos químicos,3,2024-11-30
Itumbiara,2024,11,12,2024-11-12,Barragens,Risco iminente de rompimento,7,2024-11-30
Goiânia,2024,11,12,2024-11-12,Emergências ambientais,Mortalidade de animais em grande quantidade,10,2024-11-30
Goianésia,2024,11,12,2024-11-12,Emergências ambientais,Acidentes no transporte de produtos perigosos,7,2024-11-30
Goiânia,2024,11,13,2024-11-13,Vegetação,Outros,1,2024-11-30
Goianésia,2024,11,13,2024-11-13,Barragens,Risco iminente de rompimento,10,2024-11-30
Caldas Novas,2024,11,13,2024-11-13,Ar,Outros,6,2024-11-30
Rio Verde,2024,11,14,2024-11-14,Atropelamento de animais silvestres,Mamíferos,10,2024-11-30
Caldas Novas,2024,11,14,2024-11-14,Ruído,Ruído de mineração,5,2024-11-30
Anápolis,2024,11,15,2024-11-15,Ar,Fumaça,1,2024-11-30
Goiânia,2024,11,15,2024-11-15,Ar,Odor,8,2024-11-30
Novo Gama,2024,11,15,2024-11-15,Poluição ou degradação ambiental,Implantação de loteamento/parcelamento irregular do solo,3,2024-11-30
Senador Canedo,2024,11,15,2024-11-15,Vegetação,Exploração de árvores,3,2024-11-30
Senador Canedo,2024,11,16,2024-11-16,Atropelamento de animais silvestres,Ave,8,2024-11-30
Goianésia,2024,11,16,2024-11-16,Ruído,Ruído industrial,10,2024-11-30
Goiânia,2024,11,16,2024-11-16,Água,Descarte de resíduos sólidos ou líquidos industriais,1,2024-11-30
Jataí,2024,11,16,2024-11-16,Ar,Odor,8,2024-11-30
Itumbiara,2024,11,17,2024-11-17,Solo,Descarte de entulho,2,2024-11-30
Goiânia,2024,11,17,2024-11-17,Atropelamento de animais silvestres,Ave,5,2024-11-30
Goiânia,2024,11,18,2024-11-18,Ar,Fumaça,2,2024-11-30
Goiânia,2024,11,18,2024-11-18,Emergências ambientais,Mortalidade de animais em grande quantidade,2,2024-11-30
Rio Verde,2024,11,18,2024-11-18,Ruído,Ruído industrial,1,2024-11-30
Goiânia,2024,11,18,2024-11-18,Fogo,Limpeza de pasto com fogo,1,2024-11-30
Goiânia,2024,11,18,2024-11-18,Ruído,Ruído industrial,7,2024-11-30
Caldas Novas,2024,11,19,2024-11-19,Ar,Odor,8,2024-11-30
Quirinópolis,2024,11,19,2024-11-19,Barragens,Trincas/Rachaduras/Escorregamento etc (anomalias) referente à segurança de barragens,8,2024-11-30
Planaltina,2024,11,20,2024-11-20,Ruído,Outros,6,2024-11-30
Goiânia,2024,11,20,2024-11-20,Atropelamento de animais silvestres,Réptil,9,2024-11-30
Goiânia,2024,11,20,2024-11-20,Barragens,Outros,1,2024-11-30
Trindade,2024,11,20,2024-11-20,Vegetação,Transporte/Comércio irregular de produtos florestais,3,2024-11-30
Itumbiara,2024,11,21,2024-11-21,Água,Outros,7,2024-11-30
Águas Lindas de Goiás,2024,11,21,2024-11-21,Fogo,Queima de restos de culturas,1,2024-11-30
Goiânia,2024,11,21,2024-11-21,Fogo,Fogo em vegetação nativa,10,2024-11-30
Anápolis,2024,11,21,2024-11-21,Água,Descarte de resíduos sólidos ou líquidos industriais,10,2024-11-30
Planaltina,2024,11,22,2024-11-22,Ruído,Ruído industrial,9,2024-11-30
Águas Lindas de Goiás,2024,11,22,2024-11-22,Emergências ambientais,Mortalidade de animais em grande quantidade,5,2024-11-30
Goiânia,2024,11,23,2024-11-23,Barragens,Risco iminente de rompimento,5,2024-11-30
Goiânia,2024,11,23,2024-11-23,Emergências ambientais,Acidentes no transporte de produtos perigosos,10,2024-11-30
Luziânia,2024,11,24,2024-11-24,Água,Outros,8,2024-11-30
Goiânia,2024,11,24,2024-11-24,Fauna,Animais silvestres em cativeiro,10,2024-11-30
Goiânia,2024,11,24,2024-11-24,Atropelamento de animais silvestres,Ave,5,2024-11-30
Goiânia,2024,11,24,2024-11-24,Atropelamento de animais silvestres,Mamíferos,3,2024-11-30
Goiânia,2024,11,25,2024-11-25,Barragens,Risco iminente de rompimento,4,2024-11-30
Goiânia,2024,11,25,2024-11-25,Ar,Fuligem/Poeira industrial,7,2024-11-30
Goiânia,2024,11,25,2024-11-25,Barragens,Rompimentos já ocorridos,5,2024-11-30
Luziânia,2024,11,25,2024-11-25,Fauna,Caça,8,2024-11-30
Cristalina,2024,11,26,2024-11-26,Poluição ou degradação ambiental,"Extração mineral (areia, brita, pedra e outros)",2,2024-11-30
Goiânia,2024,11,26,2024-11-26,Ar,Fumaça,7,2024-11-30
Formosa,2024,11,27,2024-11-27,Água,Descarte de resíduos sólidos ou líquidos industriais,1,2024-11-30
Trindade,2024,11,27,2024-11-27,Água,Descarte de resíduos sólidos ou líquidos industriais,1,2024-11-30
Goianésia,2024,11,27,2024-11-27,Barragens,Trincas/Rachaduras/Escorregamento etc (anomalias) referente à segurança de barragens,3,2024-11-30
Planaltina,2024,11,27,2024-11-27,Atropelamento de animais silvestres,Ave,3,2024-11-30
Senador Canedo,2024,11,27,2024-11-27,Atropelamento de animais silvestres,Anfíbio,9,2024-11-30
Goiânia,2024,11,28,2024-11-28,Ruído,Ruído industrial,2,2024-11-30
Mineiros,2024,11,28,2024-11-28,Solo,Descarte de entulho,5,2024-11-30
Formosa,2024,11,28,2024-11-28,Atropelamento de animais silvestres,Anfíbio,5,2024-11-30
Mineiros,2024,11,28,2024-11-28,Solo,Descarte de resíduos sólidos,7,2024-11-30
Goiânia,2024,11,29,2024-11-29,Fauna,Comércio de animais silvestres,7,2024-11-30
Caldas Novas,2024,11,29,2024-11-29,Ruído,Ruído de mineração,7,2024-11-30
Quirinópolis,2024,11,29,2024-11-29,Fogo,Queima de restos de culturas,4,2024-11-30
Goiânia,2024,11,30,2024-11-30,Solo,Aterro sanitário / Lixão,4,2024-11-30
Goiânia,2024,12,1,2024-12-01,Vegetação,Desmatamento/Supressão de Vegetação Nativa,3,2024-11-30
Goiânia,2024,12,1,2024-12-01,Água,Descarte de esgoto sem tratamento,9,2024-11-30
Mineiros,2024,12,1,2024-12-01,Atropelamento de animais silvestres,Não identificado,7,2024-11-30
Goiânia,2024,12,1,2024-12-01,Ar,Outros,8,2024-11-30
Águas Lindas de Goiás,2024,12,1,2024-12-01,Solo,Aterro sanitário / Lixão,9,2024-11-30
Goianésia,2024,12,2,2024-12-02,Fauna,Animais silvestres em cativeiro,5,2024-11-30
Goiânia,2024,12,2,2024-12-02,Água,Uso de água sem outorga,3,2024-11-30
Luziânia,2024,12,3,2024-12-03,Barragens,Risco iminente de rompimento,5,2024-11-30
Goiânia,2024,12,3,2024-12-03,Barragens,Trincas/Rachaduras/Escorregamento etc (anomalias) referente à segurança de barragens,2,2024-11-30
Quirinópolis,2024,12,4,2024-12-04,Emergências ambientais,Acidentes com produtos químicos,7,2024-11-30
Goianésia,2024,12,4,2024-12-04,Vegetação,Carvoaria,8,2024-11-30
Inhumas,2024,12,5,2024-12-05,Ruído,Ruído de mineração,3,2024-11-30
Goiânia,2024,12,5,2024-12-05,Ruído,Outros,10,2024-11-30
Aparecida de Goiânia,2024,12,7,2024-12-07,Água,Descarte de esgoto sem tratamento,8,2024-11-30
Goiânia,2024,12,7,2024-12-07,Atropelamento de animais silvestres,Ave,9,2024-11-30
Goiânia,2024,12,7,2024-12-07,Poluição ou degradação ambiental,Danificar área de proteção ambiental (Unidade de Conservação Ambiental),5,2024-11-30
Goiânia,2024,12,7,2024-12-07,Vegetação,Carvoaria,10,2024-11-30
Trindade,2024,12,7,2024-12-07,Solo,Descarte de resíduos sólidos,10,2024-11-30
Cristalina,2024,12,9,2024-12-09,Emergências ambientais,Acidentes no transporte de produtos perigosos,7,2024-11-30
Anápolis,2024,12,9,2024-12-09,Fauna,Maus tratos a animais domésticos,8,2024-11-30
Aparecida de Goiânia,2024,12,9,2024-12-09,Atropelamento de animais silvestres,Não identificado,2,2024-11-30
Goianésia,2024,12,9,2024-12-09,Poluição ou degradação ambiental,Danificar área de proteção ambiental (Unidade de Conservação Ambiental),1,2024-11-30
Rio Verde,2024,12,10,2024-12-10,Fauna,Pesca em período (piracema ou outro dispositivo legal) / local proibido (unidade de conservação),6,2024-11-30
Goiânia,2024,12,12,2024-12-12,Barragens,Trincas/Rachaduras/Escorregamento etc (anomalias) referente à segurança de barragens,7,2024-11-30
Goiânia,2024,12,12,2024-12-12,Fogo,Fogo em vegetação nativa,8,2024-11-30
Goiânia,2024,12,12,2024-12-12,Ruído,Ruído industrial,7,2024-11-30
Cristalina,2024,12,12,2024-12-12,Água,Descarte de resíduos sólidos ou líquidos industriais,3,2024-11-30
Goiânia,2024,12,12,2024-12-12,Barragens,Construções irregulares,1,2024-11-30
Goiânia,2024,12,12,2024-12-12,Poluição ou degradação ambiental,Outros,7,2024-11-30
Caldas Novas,2024,12,12,2024-12-12,Barragens,Construções irregulares,4,2024-11-30
Goiânia,2024,12,12,2024-12-12,Fogo,Fogo em vegetação nativa,4,2024-11-30
Aparecida de Goiânia,2024,12,13,2024-12-13,Poluição ou degradação ambiental,Implantação de loteamento/parcelamento irregular do solo,8,2024-11-30
Inhumas,2024,12,14,2024-12-14,Barragens,Outros,1,2024-11-30
Rio Verde,2024,12,14,2024-12-14,Fogo,Queima de restos de culturas,5,2024-11-30
Itumbiara,2024,12,15,2024-12-15,Ruído,Ruído industrial,3,2024-11-30
Quirinópolis,2024,12,16,2024-12-16,Ruído,Ruído de mineração,8,2024-11-30
Goiânia,2024,12,17,2024-12-17,Fauna,Comércio de animais silvestres,1,2024-11-30
Goiânia,2024,12,17,2024-12-17,Vegetação,Transporte/Comércio irregular de produtos florestais,4,2024-11-30
Inhumas,2024,12,17,2024-12-17,Água,Descarte de resíduos sólidos ou líquidos industriais,2,2024-11-30
Formosa,2024,12,17,2024-12-17,Fauna,Maus tratos a animais domésticos,2,2024-11-30
Goiânia,2024,12,17,2024-12-17,Fogo,Outros,6,2024-11-30
Inhumas,2024,12,17,2024-12-17,Vegetação,Desmatamento/Supressão de Vegetação Nativa,3,2024-11-30
Inhumas,2024,12,17,2024-12-17,Fauna,Animais silvestres em cativeiro,9,2024-11-30
Formosa,2024,12,17,2024-12-17,Fauna,Pesca em período (piracema ou outro dispositivo legal) / local proibido (unidade de conservação),9,2024-11-30
Águas Lindas de Goiás,2024,12,18,2024-12-18,Ar,Fumaça,5,2024-11-30
Cristalina,2024,12,18,2024-12-18,Ar,Outros,5,2024-11-30
Águas Lindas de Goiás,2024,12,18,2024-12-18,Barragens,Construções irregulares,6,2024-11-30
Aparecida de Goiânia,2024,12,18,2024-12-18,Barragens,Construções irregulares,3,2024-11-30
Anápolis,2024,12,19,2024-12-19,Poluição ou degradação ambiental,Implantação e/ou operação de atividade potencialmente poluidora,8,2024-11-30
Goiânia,2024,12,19,2024-12-19,Vegetação,Desmatamento/Supressão de Vegetação Nativa,3,2024-11-30
Cristalina,2024,12,19,2024-12-19,Água,Uso de água sem outorga,4,2024-11-30
Goiânia,2024,12,19,2024-12-19,Vegetação,Transporte/Comércio irregular de produtos florestais,4,2024-11-30
Águas Lindas de Goiás,2024,12,20,2024-12-20,Atropelamento de animais silvestres,Anfíbio,7,2024-11-30
Luziânia,2024,12,21,2024-12-21,Ar,Outros,3,2024-11-30
Goiânia,2024,12,21,2024-12-21,Vegetação,Carvoaria,4,2024-11-30
Rio Verde,2024,12,21,2024-12-21,Ar,Odor,1,2024-11-30
Anápolis,2024,12,21,2024-12-21,Poluição ou degradação ambiental,Outros,6,2024-11-30
Trindade,2024,12,22,2024-12-22,Barragens,Construções irregulares,2,2024-11-30
Goiânia,2024,12,22,2024-12-22,Atropelamento de animais silvestres,Réptil,6,2024-11-30
Jataí,2024,12,22,2024-12-22,Vegetação,Outros,5,2024-11-30
Planaltina,2024,12,24,2024-12-24,Vegetação,Desmatamento/Supressão de Vegetação Nativa,5,2024-11-30
Goiânia,2024,12,24,2024-12-24,Poluição ou degradação ambiental,"Extração mineral (areia, brita, pedra e outros)",9,2024-11-30
Jataí,2024,12,24,2024-12-24,Fauna,Animais silvestres em cativeiro,8,2024-11-30
Senador Canedo,2024,12,24,2024-12-24,Emergências ambientais,Acidentes no transporte de produtos perigosos,6,2024-11-30
Goiânia,2024,12,24,2024-12-24,Fogo,Fogo em vegetação nativa,10,2024-11-30
Novo Gama,2024,12,24,2024-12-24,Atropelamento de animais silvestres,Mamíferos,7,2024-11-30
Formosa,2024,12,24,2024-12-24,Ruído,Ruído industrial,5,2024-11-30
Goiânia,2024,12,26,2024-12-26,Vegetação,Transporte/Comércio irregular de produtos florestais,4,2024-11-30
Goiânia,2024,12,26,2024-12-26,Barragens,Rompimentos já ocorridos,4,2024-11-30
Itumbiara,2024,12,27,2024-12-27,Fogo,Outros,2,2024-11-30
Quirinópolis,2024,12,27,2024-12-27,Solo,Escavação / Terraplanagem,10,2024-11-30
Goiânia,2024,12,28,2024-12-28,Barragens,Outros,10,2024-11-30
Goiânia,2024,12,28,2024-12-28,Fogo,Fogo em vegetação nativa,9,2024-11-30
Goiânia,2024,12,30,2024-12-30,Fauna,Animais silvestres em cativeiro,7,2024-11-30
Goiânia,2024,12,30,2024-12-30,Vegetação,Carvoaria,2,2024-11-30
Goiânia,2024,12,30,2024-12-30,Atropelamento de animais silvestres,Anfíbio,2,2024-11-30
Luziânia,2024,12,30,2024-12-30,Ar,Fuligem/Poeira industrial,1,2024-11-30
Catalão,2024,12,31,2024-12-31,Fauna,Caça,6,2024-11-30
Luziânia,2024,12,31,2024-12-31,Vegetação,Desmatamento/Supressão de Vegetação Nativa,5,2024-11-30
Trindade,2024,12,31,2024-12-31,Água,Descarte de esgoto sem tratamento,1,2024-11-30
Jataí,2024,12,31,2024-12-31,Ruído,Outros,10,2024-11-30
